asset_id,prediction_timestamp,machine_type,run_hours,sensor_1,sensor_2,sensor_3,sensor_4,sensor_5,maintenance_timestamp,maintenance_type,failure_timestamp,failure_mode,downtime_minutes,repair_cost
MACHINE_001,2026-01-01T00:00:00+00:00,pump,9000.0,1.9635,145.3298,0,0,97.6068,,,2026-03-21T10:00:00+00:00,synthetic_degradation_failure,360,9000
MACHINE_001,2026-01-02T00:00:00+00:00,pump,9025.41,1.8981,141.8893,0,0,120.867,,,2026-03-21T10:00:00+00:00,synthetic_degradation_failure,360,9000
MACHINE_001,2026-01-03T00:00:00+00:00,pump,9044.87,1.9487,146.8543,0,0,104.9245,,,2026-03-21T10:00:00+00:00,synthetic_degradation_failure,360,9000
MACHINE_001,2026-01-04T00:00:00+00:00,pump,9062.51,1.8867,146.2481,0,0,113.1133,,,2026-03-21T10:00:00+00:00,synthetic_degradation_failure,360,9000
MACHINE_001,2026-01-05T00:00:00+00:00,pump,9086.94,2.0812,142.505,0,0,112.885,,,2026-03-21T10:00:00+00:00,synthetic_degradation_failure,360,9000
MACHINE_001,2026-01-06T00:00:00+00:00,pump,9128.7,2.0327,145.163,0,0,139.2673,,,2026-03-21T10:00:00+00:00,synthetic_degradation_failure,360,9000
MACHINE_001,2026-01-07T00:00:00+00:00,pump,9114.24,1.9825,140.6458,0,0,130.585,,,2026-03-21T10:00:00+00:00,synthetic_degradation_failure,360,9000
MACHINE_001,2026-01-08T00:00:00+00:00,pump,9172.63,1.9762,140.9919,0,0,128.1722,,,2026-03-21T10:00:00+00:00,synthetic_degradation_failure,360,9000
MACHINE_001,2026-01-09T00:00:00+00:00,pump,9168.8,1.9697,146.8513,0,0,124.5057,,,2026-03-21T10:00:00+00:00,synthetic_degradation_failure,360,9000
MACHINE_001,2026-01-10T00:00:00+00:00,pump,9162.53,2.1009,148.5533,0,0,130.4177,,,2026-03-21T10:00:00+00:00,synthetic_degradation_failure,360,9000
MACHINE_001,2026-01-11T00:00:00+00:00,pump,9216.71,2.1266,147.9816,0,0,121.8763,,,2026-03-21T10:00:00+00:00,synthetic_degradation_failure,360,9000
MACHINE_001,2026-01-12T00:00:00+00:00,pump,9239.46,2.0723,144.7448,0,0,117.8592,,,2026-03-21T10:00:00+00:00,synthetic_degradation_failure,360,9000
MACHINE_001,2026-01-13T00:00:00+00:00,pump,9269.68,2.0088,144.8947,0,0,133.8241,,,2026-03-21T10:00:00+00:00,synthetic_degradation_failure,360,9000
MACHINE_001,2026-01-14T00:00:00+00:00,pump,9276.49,2.2269,145.2282,0,0,137.9861,,,2026-03-21T10:00:00+00:00,synthetic_degradation_failure,360,9000
MACHINE_001,2026-01-15T00:00:00+00:00,pump,9284.88,2.0814,142.4789,0,0,135.8224,,,2026-03-21T10:00:00+00:00,synthetic_degradation_failure,360,9000
MACHINE_001,2026-01-16T00:00:00+00:00,pump,9318.77,2.2587,145.6919,0,0,138.5511,,,2026-03-21T10:00:00+00:00,synthetic_degradation_failure,360,9000
MACHINE_001,2026-01-17T00:00:00+00:00,pump,9380.46,2.26,145.1421,0,0,129.9223,,,2026-03-21T10:00:00+00:00,synthetic_degradation_failure,360,9000
MACHINE_001,2026-01-18T00:00:00+00:00,pump,9400.7,2.2824,146.3011,0,0,139.9916,,,2026-03-21T10:00:00+00:00,synthetic_degradation_failure,360,9000
MACHINE_001,2026-01-19T00:00:00+00:00,pump,9376.1,2.3167,148.1736,0,0,135.8314,,,2026-03-21T10:00:00+00:00,synthetic_degradation_failure,360,9000
MACHINE_001,2026-01-20T00:00:00+00:00,pump,9448.36,2.1677,143.6657,0,0,142.0708,,,2026-03-21T10:00:00+00:00,synthetic_degradation_failure,360,9000
MACHINE_001,2026-01-21T00:00:00+00:00,pump,9431.9,2.2732,154.5423,0,0,146.8926,,,2026-03-21T10:00:00+00:00,synthetic_degradation_failure,360,9000
MACHINE_001,2026-01-22T00:00:00+00:00,pump,9412.0,2.307,145.9342,0,0,149.365,,,2026-03-21T10:00:00+00:00,synthetic_degradation_failure,360,9000
MACHINE_001,2026-01-23T00:00:00+00:00,pump,9529.5,2.3782,151.0741,0,0,127.9458,,,2026-03-21T10:00:00+00:00,synthetic_degradation_failure,360,9000
MACHINE_001,2026-01-24T00:00:00+00:00,pump,9533.57,2.3211,151.4427,0,0,159.8686,,,2026-03-21T10:00:00+00:00,synthetic_degradation_failure,360,9000
MACHINE_001,2026-01-25T00:00:00+00:00,pump,9495.33,2.3016,151.618,0,0,158.8871,,,2026-03-21T10:00:00+00:00,synthetic_degradation_failure,360,9000
MACHINE_001,2026-01-26T00:00:00+00:00,pump,9635.02,2.432,157.143,0,0,140.3422,,,2026-03-21T10:00:00+00:00,synthetic_degradation_failure,360,9000
MACHINE_001,2026-01-27T00:00:00+00:00,pump,9667.38,2.3923,146.172,0,0,145.9619,,,2026-03-21T10:00:00+00:00,synthetic_degradation_failure,360,9000
MACHINE_001,2026-01-28T00:00:00+00:00,pump,9591.99,2.3622,153.3216,0,0,169.5959,,,2026-03-21T10:00:00+00:00,synthetic_degradation_failure,360,9000
MACHINE_001,2026-01-29T00:00:00+00:00,pump,9578.27,2.4966,148.4983,0,0,153.7501,,,2026-03-21T10:00:00+00:00,synthetic_degradation_failure,360,9000
MACHINE_001,2026-01-30T00:00:00+00:00,pump,9729.91,2.4502,150.397,0,0,163.1773,,,2026-03-21T10:00:00+00:00,synthetic_degradation_failure,360,9000
MACHINE_001,2026-01-31T00:00:00+00:00,pump,9607.5,2.4907,149.0916,0,0,149.0988,2026-01-30T20:00:00+00:00,planned_inspection,2026-03-21T10:00:00+00:00,synthetic_degradation_failure,360,9000
MACHINE_001,2026-02-01T00:00:00+00:00,pump,9785.17,2.5459,160.6949,0,0,165.2337,,,2026-03-21T10:00:00+00:00,synthetic_degradation_failure,360,9000
MACHINE_001,2026-02-02T00:00:00+00:00,pump,9788.43,2.4486,150.1516,0,0,178.1355,,,2026-03-21T10:00:00+00:00,synthetic_degradation_failure,360,9000
MACHINE_001,2026-02-03T00:00:00+00:00,pump,9729.98,2.6305,150.7892,0,0,162.1448,,,2026-03-21T10:00:00+00:00,synthetic_degradation_failure,360,9000
MACHINE_001,2026-02-04T00:00:00+00:00,pump,9730.35,2.5802,152.1707,0,0,155.1899,,,2026-03-21T10:00:00+00:00,synthetic_degradation_failure,360,9000
MACHINE_001,2026-02-05T00:00:00+00:00,pump,9880.17,2.5012,155.869,0,0,162.784,,,2026-03-21T10:00:00+00:00,synthetic_degradation_failure,360,9000
MACHINE_001,2026-02-06T00:00:00+00:00,pump,9755.61,2.6463,160.7916,0,0,158.5193,,,2026-03-21T10:00:00+00:00,synthetic_degradation_failure,360,9000
MACHINE_001,2026-02-07T00:00:00+00:00,pump,9737.33,2.6777,162.0995,0,0,151.8283,,,2026-03-21T10:00:00+00:00,synthetic_degradation_failure,360,9000
MACHINE_001,2026-02-08T00:00:00+00:00,pump,9866.21,2.7955,163.24,0,0,161.6856,,,2026-03-21T10:00:00+00:00,synthetic_degradation_failure,360,9000
MACHINE_001,2026-02-09T00:00:00+00:00,pump,9858.23,2.5949,153.1553,0,0,163.0159,,,2026-03-21T10:00:00+00:00,synthetic_degradation_failure,360,9000
MACHINE_001,2026-02-10T00:00:00+00:00,pump,9936.85,2.6904,158.4734,1,0,169.3122,,,2026-03-21T10:00:00+00:00,synthetic_degradation_failure,360,9000
MACHINE_001,2026-02-11T00:00:00+00:00,pump,9803.53,2.5594,157.3172,0,0,157.6627,,,2026-03-21T10:00:00+00:00,synthetic_degradation_failure,360,9000
MACHINE_001,2026-02-12T00:00:00+00:00,pump,9797.58,2.7167,161.5645,0,0,171.6016,,,2026-03-21T10:00:00+00:00,synthetic_degradation_failure,360,9000
MACHINE_001,2026-02-13T00:00:00+00:00,pump,10002.03,2.8025,156.3531,0,0,182.7673,,,2026-03-21T10:00:00+00:00,synthetic_degradation_failure,360,9000
MACHINE_001,2026-02-14T00:00:00+00:00,pump,9987.43,2.8904,158.0607,0,0,171.9455,,,2026-03-21T10:00:00+00:00,synthetic_degradation_failure,360,9000
MACHINE_001,2026-02-15T00:00:00+00:00,pump,10157.84,2.8176,154.73,0,0,177.9109,,,2026-03-21T10:00:00+00:00,synthetic_degradation_failure,360,9000
MACHINE_001,2026-02-16T00:00:00+00:00,pump,10116.79,2.9736,156.0435,0,0,162.4386,,,2026-03-21T10:00:00+00:00,synthetic_degradation_failure,360,9000
MACHINE_001,2026-02-17T00:00:00+00:00,pump,9933.47,2.8687,164.6688,0,0,171.976,,,2026-03-21T10:00:00+00:00,synthetic_degradation_failure,360,9000
MACHINE_001,2026-02-18T00:00:00+00:00,pump,10114.34,2.8504,155.9846,0,0,171.1933,,,2026-03-21T10:00:00+00:00,synthetic_degradation_failure,360,9000
MACHINE_001,2026-02-19T00:00:00+00:00,pump,10174.44,2.7428,154.755,1,0,168.5321,,,2026-03-21T10:00:00+00:00,synthetic_degradation_failure,360,9000
MACHINE_001,2026-02-20T00:00:00+00:00,pump,9958.47,3.0504,172.6323,0,1,179.1683,,,2026-03-21T10:00:00+00:00,synthetic_degradation_failure,360,9000
MACHINE_001,2026-02-21T00:00:00+00:00,pump,9985.54,3.0617,157.4535,0,0,192.0686,,,2026-03-21T10:00:00+00:00,synthetic_degradation_failure,360,9000
MACHINE_001,2026-02-22T00:00:00+00:00,pump,9959.04,2.9133,161.2545,0,0,183.3579,,,2026-03-21T10:00:00+00:00,synthetic_degradation_failure,360,9000
MACHINE_001,2026-02-23T00:00:00+00:00,pump,10120.9,2.982,159.9574,1,0,197.3113,,,2026-03-21T10:00:00+00:00,synthetic_degradation_failure,360,9000
MACHINE_001,2026-02-24T00:00:00+00:00,pump,9990.78,3.0116,162.7802,0,0,181.413,,,2026-03-21T10:00:00+00:00,synthetic_degradation_failure,360,9000
MACHINE_001,2026-02-25T00:00:00+00:00,pump,10011.67,2.9957,171.3291,1,1,193.9315,,,2026-03-21T10:00:00+00:00,synthetic_degradation_failure,360,9000
MACHINE_001,2026-02-26T00:00:00+00:00,pump,10052.4,2.9344,168.1099,1,1,196.3189,,,2026-03-21T10:00:00+00:00,synthetic_degradation_failure,360,9000
MACHINE_001,2026-02-27T00:00:00+00:00,pump,10381.44,3.1176,165.5519,0,1,188.2467,,,2026-03-21T10:00:00+00:00,synthetic_degradation_failure,360,9000
MACHINE_001,2026-02-28T00:00:00+00:00,pump,10282.6,3.0676,162.9545,0,0,191.8866,,,2026-03-21T10:00:00+00:00,synthetic_degradation_failure,360,9000
MACHINE_001,2026-03-01T00:00:00+00:00,pump,10187.77,3.2012,154.2454,0,0,197.6159,,,2026-03-21T10:00:00+00:00,synthetic_degradation_failure,360,9000
MACHINE_001,2026-03-02T00:00:00+00:00,pump,10256.41,3.0737,157.874,1,0,214.5687,2026-03-01T20:00:00+00:00,planned_inspection,2026-03-21T10:00:00+00:00,synthetic_degradation_failure,360,9000
MACHINE_001,2026-03-03T00:00:00+00:00,pump,10242.88,3.1925,163.9757,1,0,188.2107,,,2026-03-21T10:00:00+00:00,synthetic_degradation_failure,360,9000
MACHINE_001,2026-03-04T00:00:00+00:00,pump,10381.58,3.2474,168.0093,1,1,211.9583,,,2026-03-21T10:00:00+00:00,synthetic_degradation_failure,360,9000
MACHINE_001,2026-03-05T00:00:00+00:00,pump,10452.99,3.303,167.8236,1,1,198.6629,,,2026-03-21T10:00:00+00:00,synthetic_degradation_failure,360,9000
MACHINE_001,2026-03-06T00:00:00+00:00,pump,10592.69,3.1276,170.4148,0,1,210.8965,,,2026-03-21T10:00:00+00:00,synthetic_degradation_failure,360,9000
MACHINE_001,2026-03-07T00:00:00+00:00,pump,10213.94,3.2091,171.5304,1,1,222.7239,,,2026-03-21T10:00:00+00:00,synthetic_degradation_failure,360,9000
MACHINE_001,2026-03-08T00:00:00+00:00,pump,10501.46,3.0977,166.9664,0,1,200.7791,,,2026-03-21T10:00:00+00:00,synthetic_degradation_failure,360,9000
MACHINE_001,2026-03-09T00:00:00+00:00,pump,10522.28,3.2944,164.8274,0,0,207.7342,,,2026-03-21T10:00:00+00:00,synthetic_degradation_failure,360,9000
MACHINE_001,2026-03-10T00:00:00+00:00,pump,10477.5,3.2097,169.2601,1,1,214.9384,,,2026-03-21T10:00:00+00:00,synthetic_degradation_failure,360,9000
MACHINE_001,2026-03-11T00:00:00+00:00,pump,10572.98,3.3078,168.6891,1,1,226.4573,,,2026-03-21T10:00:00+00:00,synthetic_degradation_failure,360,9000
MACHINE_001,2026-03-12T00:00:00+00:00,pump,10628.4,3.2561,171.1534,0,1,226.4992,,,2026-03-21T10:00:00+00:00,synthetic_degradation_failure,360,9000
MACHINE_001,2026-03-13T00:00:00+00:00,pump,10788.27,3.3912,166.8949,1,1,223.8688,,,2026-03-21T10:00:00+00:00,synthetic_degradation_failure,360,9000
MACHINE_001,2026-03-14T00:00:00+00:00,pump,10386.78,3.3622,170.649,1,1,213.1533,,,2026-03-21T10:00:00+00:00,synthetic_degradation_failure,360,9000
MACHINE_001,2026-03-15T00:00:00+00:00,pump,10740.14,3.3941,173.9558,1,1,214.8229,,,2026-03-21T10:00:00+00:00,synthetic_degradation_failure,360,9000
MACHINE_001,2026-03-16T00:00:00+00:00,pump,10554.8,3.3239,167.0564,1,1,225.9613,,,2026-03-21T10:00:00+00:00,synthetic_degradation_failure,360,9000
MACHINE_001,2026-03-17T00:00:00+00:00,pump,10860.32,3.5098,174.1614,1,1,224.5031,,,2026-03-21T10:00:00+00:00,synthetic_degradation_failure,360,9000
MACHINE_001,2026-03-18T00:00:00+00:00,pump,10375.48,3.407,163.1091,1,0,215.8294,,,2026-03-21T10:00:00+00:00,synthetic_degradation_failure,360,9000
MACHINE_001,2026-03-19T00:00:00+00:00,pump,10658.47,3.5482,165.103,1,1,205.838,,,2026-03-21T10:00:00+00:00,synthetic_degradation_failure,360,9000
MACHINE_001,2026-03-20T00:00:00+00:00,pump,11026.15,3.4986,173.9977,1,1,209.1676,,,2026-03-21T10:00:00+00:00,synthetic_degradation_failure,360,9000
MACHINE_001,2026-03-21T00:00:00+00:00,pump,11053.43,3.4878,170.4027,1,1,231.7592,,,2026-03-21T10:00:00+00:00,synthetic_degradation_failure,360,9000
MACHINE_001,2026-03-22T00:00:00+00:00,pump,10458.56,3.4504,173.2317,1,1,228.4762,,,2026-03-21T10:00:00+00:00,synthetic_degradation_failure,360,9000
MACHINE_001,2026-03-23T00:00:00+00:00,pump,11048.09,3.4671,172.3491,1,1,235.8339,,,2026-03-21T10:00:00+00:00,synthetic_degradation_failure,360,9000
MACHINE_001,2026-03-24T00:00:00+00:00,pump,10873.49,3.5851,172.3931,1,1,237.3682,,,2026-03-21T10:00:00+00:00,synthetic_degradation_failure,360,9000
MACHINE_001,2026-03-25T00:00:00+00:00,pump,11025.84,3.4597,167.9166,0,1,223.7348,,,2026-03-21T10:00:00+00:00,synthetic_degradation_failure,360,9000
MACHINE_001,2026-03-26T00:00:00+00:00,pump,10538.98,3.5606,175.0254,1,1,245.2388,,,2026-03-21T10:00:00+00:00,synthetic_degradation_failure,360,9000
MACHINE_001,2026-03-27T00:00:00+00:00,pump,10635.54,3.5419,180.0375,1,1,225.0324,,,2026-03-21T10:00:00+00:00,synthetic_degradation_failure,360,9000
MACHINE_001,2026-03-28T00:00:00+00:00,pump,11222.38,3.505,171.4595,1,1,242.8866,,,2026-03-21T10:00:00+00:00,synthetic_degradation_failure,360,9000
MACHINE_001,2026-03-29T00:00:00+00:00,pump,11181.37,3.5329,176.9722,1,1,241.0422,,,2026-03-21T10:00:00+00:00,synthetic_degradation_failure,360,9000
MACHINE_001,2026-03-30T00:00:00+00:00,pump,11273.94,3.517,179.503,1,1,232.4007,,,2026-03-21T10:00:00+00:00,synthetic_degradation_failure,360,9000
MACHINE_001,2026-03-31T00:00:00+00:00,pump,10705.33,3.6311,177.8903,1,1,242.4708,,,2026-03-21T10:00:00+00:00,synthetic_degradation_failure,360,9000
MACHINE_002,2026-01-01T00:00:00+00:00,compressor,9750.0,2.0882,151.5531,0,0,144.5909,,,2026-03-12T07:00:00+00:00,synthetic_degradation_failure,360,9000
MACHINE_002,2026-01-02T00:00:00+00:00,compressor,9769.07,2.2159,149.0683,0,0,155.6592,,,2026-03-12T07:00:00+00:00,synthetic_degradation_failure,360,9000
MACHINE_002,2026-01-03T00:00:00+00:00,compressor,9796.15,2.2592,152.367,0,0,139.6646,,,2026-03-12T07:00:00+00:00,synthetic_degradation_failure,360,9000
MACHINE_002,2026-01-04T00:00:00+00:00,compressor,9811.61,2.2915,145.1175,0,0,117.0485,,,2026-03-12T07:00:00+00:00,synthetic_degradation_failure,360,9000
MACHINE_002,2026-01-05T00:00:00+00:00,compressor,9840.32,2.2497,147.667,0,0,150.2827,,,2026-03-12T07:00:00+00:00,synthetic_degradation_failure,360,9000
MACHINE_002,2026-01-06T00:00:00+00:00,compressor,9852.65,2.3342,147.6004,0,0,142.5204,,,2026-03-12T07:00:00+00:00,synthetic_degradation_failure,360,9000
MACHINE_002,2026-01-07T00:00:00+00:00,compressor,9875.31,2.2992,153.873,0,0,142.175,,,2026-03-12T07:00:00+00:00,synthetic_degradation_failure,360,9000
MACHINE_002,2026-01-08T00:00:00+00:00,compressor,9904.2,2.3642,155.7393,0,0,149.3638,,,2026-03-12T07:00:00+00:00,synthetic_degradation_failure,360,9000
MACHINE_002,2026-01-09T00:00:00+00:00,compressor,9925.63,2.3528,147.2774,0,0,136.4851,,,2026-03-12T07:00:00+00:00,synthetic_degradation_failure,360,9000
MACHINE_002,2026-01-10T00:00:00+00:00,compressor,9932.2,2.4354,153.4466,0,0,150.1103,,,2026-03-12T07:00:00+00:00,synthetic_degradation_failure,360,9000
MACHINE_002,2026-01-11T00:00:00+00:00,compressor,9931.17,2.4427,149.9385,0,0,129.5753,,,2026-03-12T07:00:00+00:00,synthetic_degradation_failure,360,9000
MACHINE_002,2026-01-12T00:00:00+00:00,compressor,10000.87,2.2671,145.5818,0,0,158.2857,,,2026-03-12T07:00:00+00:00,synthetic_degradation_failure,360,9000
MACHINE_002,2026-01-13T00:00:00+00:00,compressor,10040.12,2.3262,140.0928,0,0,174.9824,,,2026-03-12T07:00:00+00:00,synthetic_degradation_failure,360,9000
MACHINE_002,2026-01-14T00:00:00+00:00,compressor,10050.65,2.4216,154.2001,0,0,149.2495,,,2026-03-12T07:00:00+00:00,synthetic_degradation_failure,360,9000
MACHINE_002,2026-01-15T00:00:00+00:00,compressor,10020.58,2.4795,155.8919,0,0,160.3504,,,2026-03-12T07:00:00+00:00,synthetic_degradation_failure,360,9000
MACHINE_002,2026-01-16T00:00:00+00:00,compressor,10138.84,2.5782,159.6333,0,0,146.2347,,,2026-03-12T07:00:00+00:00,synthetic_degradation_failure,360,9000
MACHINE_002,2026-01-17T00:00:00+00:00,compressor,10134.68,2.5111,159.1218,0,0,171.1065,,,2026-03-12T07:00:00+00:00,synthetic_degradation_failure,360,9000
MACHINE_002,2026-01-18T00:00:00+00:00,compressor,10179.37,2.567,160.1542,0,0,148.5893,,,2026-03-12T07:00:00+00:00,synthetic_degradation_failure,360,9000
MACHINE_002,2026-01-19T00:00:00+00:00,compressor,10158.45,2.6026,148.0212,0,0,154.0572,,,2026-03-12T07:00:00+00:00,synthetic_degradation_failure,360,9000
MACHINE_002,2026-01-20T00:00:00+00:00,compressor,10188.91,2.3948,151.5269,0,0,152.6271,,,2026-03-12T07:00:00+00:00,synthetic_degradation_failure,360,9000
MACHINE_002,2026-01-21T00:00:00+00:00,compressor,10168.66,2.592,154.0485,0,0,164.3677,,,2026-03-12T07:00:00+00:00,synthetic_degradation_failure,360,9000
MACHINE_002,2026-01-22T00:00:00+00:00,compressor,10257.13,2.6829,158.1016,0,0,169.3436,,,2026-03-12T07:00:00+00:00,synthetic_degradation_failure,360,9000
MACHINE_002,2026-01-23T00:00:00+00:00,compressor,10295.65,2.8092,155.4914,0,0,157.6875,,,2026-03-12T07:00:00+00:00,synthetic_degradation_failure,360,9000
MACHINE_002,2026-01-24T00:00:00+00:00,compressor,10280.07,2.5668,152.6735,0,0,170.0101,,,2026-03-12T07:00:00+00:00,synthetic_degradation_failure,360,9000
MACHINE_002,2026-01-25T00:00:00+00:00,compressor,10360.07,2.6251,160.2183,0,0,166.5151,,,2026-03-12T07:00:00+00:00,synthetic_degradation_failure,360,9000
MACHINE_002,2026-01-26T00:00:00+00:00,compressor,10255.6,2.7503,157.7584,0,0,168.8763,,,2026-03-12T07:00:00+00:00,synthetic_degradation_failure,360,9000
MACHINE_002,2026-01-27T00:00:00+00:00,compressor,10317.32,2.6544,158.1547,0,0,184.3624,,,2026-03-12T07:00:00+00:00,synthetic_degradation_failure,360,9000
MACHINE_002,2026-01-28T00:00:00+00:00,compressor,10404.91,2.7262,159.2381,0,0,160.8815,,,2026-03-12T07:00:00+00:00,synthetic_degradation_failure,360,9000
MACHINE_002,2026-01-29T00:00:00+00:00,compressor,10377.9,2.6806,161.0307,1,0,162.1233,,,2026-03-12T07:00:00+00:00,synthetic_degradation_failure,360,9000
MACHINE_002,2026-01-30T00:00:00+00:00,compressor,10442.23,2.8052,165.0065,0,1,177.8242,,,2026-03-12T07:00:00+00:00,synthetic_degradation_failure,360,9000
MACHINE_002,2026-01-31T00:00:00+00:00,compressor,10526.53,2.6742,153.8266,0,0,171.5724,2026-01-30T20:00:00+00:00,planned_inspection,2026-03-12T07:00:00+00:00,synthetic_degradation_failure,360,9000
MACHINE_002,2026-02-01T00:00:00+00:00,compressor,10329.04,2.8457,152.24,0,0,172.4474,,,2026-03-12T07:00:00+00:00,synthetic_degradation_failure,360,9000
MACHINE_002,2026-02-02T00:00:00+00:00,compressor,10335.46,2.7962,157.1822,0,0,187.2964,,,2026-03-12T07:00:00+00:00,synthetic_degradation_failure,360,9000
MACHINE_002,2026-02-03T00:00:00+00:00,compressor,10532.3,2.7315,162.2697,0,0,183.4644,,,2026-03-12T07:00:00+00:00,synthetic_degradation_failure,360,9000
MACHINE_002,2026-02-04T00:00:00+00:00,compressor,10375.32,2.9221,157.2801,0,0,189.6943,,,2026-03-12T07:00:00+00:00,synthetic_degradation_failure,360,9000
MACHINE_002,2026-02-05T00:00:00+00:00,compressor,10524.1,2.8573,166.7001,0,1,184.3216,,,2026-03-12T07:00:00+00:00,synthetic_degradation_failure,360,9000
MACHINE_002,2026-02-06T00:00:00+00:00,compressor,10591.42,2.8768,163.1688,0,0,181.3286,,,2026-03-12T07:00:00+00:00,synthetic_degradation_failure,360,9000
MACHINE_002,2026-02-07T00:00:00+00:00,compressor,10504.49,2.8631,152.022,1,0,212.3827,,,2026-03-12T07:00:00+00:00,synthetic_degradation_failure,360,9000
MACHINE_002,2026-02-08T00:00:00+00:00,compressor,10491.03,2.8114,160.8201,0,0,186.4346,,,2026-03-12T07:00:00+00:00,synthetic_degradation_failure,360,9000
MACHINE_002,2026-02-09T00:00:00+00:00,compressor,10763.61,3.0327,164.549,0,0,196.7703,,,2026-03-12T07:00:00+00:00,synthetic_degradation_failure,360,9000
MACHINE_002,2026-02-10T00:00:00+00:00,compressor,10789.23,3.0201,161.4905,0,0,197.3753,,,2026-03-12T07:00:00+00:00,synthetic_degradation_failure,360,9000
MACHINE_002,2026-02-11T00:00:00+00:00,compressor,10650.99,2.9247,156.306,0,0,188.7625,,,2026-03-12T07:00:00+00:00,synthetic_degradation_failure,360,9000
MACHINE_002,2026-02-12T00:00:00+00:00,compressor,10511.94,3.0324,170.2891,0,1,199.9842,,,2026-03-12T07:00:00+00:00,synthetic_degradation_failure,360,9000
MACHINE_002,2026-02-13T00:00:00+00:00,compressor,10853.97,2.9969,164.7161,1,0,192.3182,,,2026-03-12T07:00:00+00:00,synthetic_degradation_failure,360,9000
MACHINE_002,2026-02-14T00:00:00+00:00,compressor,10624.75,3.085,160.7857,0,0,196.1846,,,2026-03-12T07:00:00+00:00,synthetic_degradation_failure,360,9000
MACHINE_002,2026-02-15T00:00:00+00:00,compressor,10772.67,2.9771,166.7125,0,1,172.7975,,,2026-03-12T07:00:00+00:00,synthetic_degradation_failure,360,9000
MACHINE_002,2026-02-16T00:00:00+00:00,compressor,10635.2,3.1482,162.3176,0,0,208.2475,,,2026-03-12T07:00:00+00:00,synthetic_degradation_failure,360,9000
MACHINE_002,2026-02-17T00:00:00+00:00,compressor,10760.83,3.337,167.2428,1,1,199.6646,,,2026-03-12T07:00:00+00:00,synthetic_degradation_failure,360,9000
MACHINE_002,2026-02-18T00:00:00+00:00,compressor,10685.11,3.2164,170.9578,0,1,198.4242,,,2026-03-12T07:00:00+00:00,synthetic_degradation_failure,360,9000
MACHINE_002,2026-02-19T00:00:00+00:00,compressor,10832.99,3.2496,172.3333,0,1,199.975,,,2026-03-12T07:00:00+00:00,synthetic_degradation_failure,360,9000
MACHINE_002,2026-02-20T00:00:00+00:00,compressor,10666.43,3.1867,170.5369,0,1,197.4001,,,2026-03-12T07:00:00+00:00,synthetic_degradation_failure,360,9000
MACHINE_002,2026-02-21T00:00:00+00:00,compressor,10795.53,3.0408,163.263,0,0,205.1006,,,2026-03-12T07:00:00+00:00,synthetic_degradation_failure,360,9000
MACHINE_002,2026-02-22T00:00:00+00:00,compressor,10976.45,3.2268,163.3832,1,0,219.0478,,,2026-03-12T07:00:00+00:00,synthetic_degradation_failure,360,9000
MACHINE_002,2026-02-23T00:00:00+00:00,compressor,10704.7,3.1935,170.1296,1,1,216.4754,,,2026-03-12T07:00:00+00:00,synthetic_degradation_failure,360,9000
MACHINE_002,2026-02-24T00:00:00+00:00,compressor,10933.46,3.3425,164.1439,1,0,209.3381,,,2026-03-12T07:00:00+00:00,synthetic_degradation_failure,360,9000
MACHINE_002,2026-02-25T00:00:00+00:00,compressor,10854.55,3.1813,171.4161,1,1,202.6666,,,2026-03-12T07:00:00+00:00,synthetic_degradation_failure,360,9000
MACHINE_002,2026-02-26T00:00:00+00:00,compressor,10860.26,3.4166,159.9391,0,0,205.105,,,2026-03-12T07:00:00+00:00,synthetic_degradation_failure,360,9000
MACHINE_002,2026-02-27T00:00:00+00:00,compressor,11100.47,3.369,172.5202,0,1,204.5829,,,2026-03-12T07:00:00+00:00,synthetic_degradation_failure,360,9000
MACHINE_002,2026-02-28T00:00:00+00:00,compressor,10798.3,3.371,172.0348,1,1,220.0042,,,2026-03-12T07:00:00+00:00,synthetic_degradation_failure,360,9000
MACHINE_002,2026-03-01T00:00:00+00:00,compressor,10926.05,3.4486,173.4567,0,1,196.1945,,,2026-03-12T07:00:00+00:00,synthetic_degradation_failure,360,9000
MACHINE_002,2026-03-02T00:00:00+00:00,compressor,11239.62,3.5014,166.5351,0,1,221.102,2026-03-01T20:00:00+00:00,planned_inspection,2026-03-12T07:00:00+00:00,synthetic_degradation_failure,360,9000
MACHINE_002,2026-03-03T00:00:00+00:00,compressor,10972.08,3.5702,173.0717,1,1,212.6248,,,2026-03-12T07:00:00+00:00,synthetic_degradation_failure,360,9000
MACHINE_002,2026-03-04T00:00:00+00:00,compressor,11045.32,3.4224,167.3351,1,1,240.8522,,,2026-03-12T07:00:00+00:00,synthetic_degradation_failure,360,9000
MACHINE_002,2026-03-05T00:00:00+00:00,compressor,10993.04,3.3927,175.2043,1,1,228.8704,,,2026-03-12T07:00:00+00:00,synthetic_degradation_failure,360,9000
MACHINE_002,2026-03-06T00:00:00+00:00,compressor,11079.4,3.5372,175.1332,1,1,229.2973,,,2026-03-12T07:00:00+00:00,synthetic_degradation_failure,360,9000
MACHINE_002,2026-03-07T00:00:00+00:00,compressor,11304.06,3.5131,170.3373,0,1,244.152,,,2026-03-12T07:00:00+00:00,synthetic_degradation_failure,360,9000
MACHINE_002,2026-03-08T00:00:00+00:00,compressor,11013.88,3.6351,173.9718,1,1,228.8988,,,2026-03-12T07:00:00+00:00,synthetic_degradation_failure,360,9000
MACHINE_002,2026-03-09T00:00:00+00:00,compressor,10958.15,3.4589,174.9278,1,1,217.1962,,,2026-03-12T07:00:00+00:00,synthetic_degradation_failure,360,9000
MACHINE_002,2026-03-10T00:00:00+00:00,compressor,11462.13,3.56,180.9189,1,1,231.7816,,,2026-03-12T07:00:00+00:00,synthetic_degradation_failure,360,9000
MACHINE_002,2026-03-11T00:00:00+00:00,compressor,11019.89,3.5899,173.3059,1,1,231.6011,,,2026-03-12T07:00:00+00:00,synthetic_degradation_failure,360,9000
MACHINE_002,2026-03-12T00:00:00+00:00,compressor,11020.17,3.5064,176.5514,1,1,216.689,,,2026-03-12T07:00:00+00:00,synthetic_degradation_failure,360,9000
MACHINE_002,2026-03-13T00:00:00+00:00,compressor,11374.92,3.706,179.1323,1,1,236.3896,,,2026-03-12T07:00:00+00:00,synthetic_degradation_failure,360,9000
MACHINE_002,2026-03-14T00:00:00+00:00,compressor,11372.56,3.5597,176.6627,1,1,250.3183,,,2026-03-12T07:00:00+00:00,synthetic_degradation_failure,360,9000
MACHINE_002,2026-03-15T00:00:00+00:00,compressor,11071.28,3.6558,170.6963,1,1,241.0617,,,2026-03-12T07:00:00+00:00,synthetic_degradation_failure,360,9000
MACHINE_002,2026-03-16T00:00:00+00:00,compressor,11608.68,3.6402,177.0736,1,1,234.0532,,,2026-03-12T07:00:00+00:00,synthetic_degradation_failure,360,9000
MACHINE_002,2026-03-17T00:00:00+00:00,compressor,11207.07,3.6742,177.4273,1,1,230.384,,,2026-03-12T07:00:00+00:00,synthetic_degradation_failure,360,9000
MACHINE_002,2026-03-18T00:00:00+00:00,compressor,11652.05,3.8414,172.1915,0,1,224.6043,,,2026-03-12T07:00:00+00:00,synthetic_degradation_failure,360,9000
MACHINE_002,2026-03-19T00:00:00+00:00,compressor,11618.3,3.7489,176.7583,1,1,217.9388,,,2026-03-12T07:00:00+00:00,synthetic_degradation_failure,360,9000
MACHINE_002,2026-03-20T00:00:00+00:00,compressor,11652.01,3.8913,173.1065,1,1,238.5827,,,2026-03-12T07:00:00+00:00,synthetic_degradation_failure,360,9000
MACHINE_002,2026-03-21T00:00:00+00:00,compressor,11790.87,3.7603,183.7164,1,1,244.1967,,,2026-03-12T07:00:00+00:00,synthetic_degradation_failure,360,9000
MACHINE_002,2026-03-22T00:00:00+00:00,compressor,11394.24,3.8092,185.4101,1,1,250.3111,,,2026-03-12T07:00:00+00:00,synthetic_degradation_failure,360,9000
MACHINE_002,2026-03-23T00:00:00+00:00,compressor,11814.13,4.0807,182.1894,1,1,260.1349,,,2026-03-12T07:00:00+00:00,synthetic_degradation_failure,360,9000
MACHINE_002,2026-03-24T00:00:00+00:00,compressor,11312.01,3.8072,182.8076,1,1,254.6752,,,2026-03-12T07:00:00+00:00,synthetic_degradation_failure,360,9000
MACHINE_002,2026-03-25T00:00:00+00:00,compressor,11405.75,3.8933,181.2619,1,1,259.9996,,,2026-03-12T07:00:00+00:00,synthetic_degradation_failure,360,9000
MACHINE_002,2026-03-26T00:00:00+00:00,compressor,11397.8,3.771,179.7173,1,1,247.8432,,,2026-03-12T07:00:00+00:00,synthetic_degradation_failure,360,9000
MACHINE_002,2026-03-27T00:00:00+00:00,compressor,11310.72,3.799,178.712,1,1,255.7569,,,2026-03-12T07:00:00+00:00,synthetic_degradation_failure,360,9000
MACHINE_002,2026-03-28T00:00:00+00:00,compressor,11374.16,3.8458,183.6258,1,1,238.7477,,,2026-03-12T07:00:00+00:00,synthetic_degradation_failure,360,9000
MACHINE_002,2026-03-29T00:00:00+00:00,compressor,11943.54,3.9454,180.2337,1,1,258.8318,,,2026-03-12T07:00:00+00:00,synthetic_degradation_failure,360,9000
MACHINE_002,2026-03-30T00:00:00+00:00,compressor,11431.01,4.0422,177.0621,1,1,249.6228,,,2026-03-12T07:00:00+00:00,synthetic_degradation_failure,360,9000
MACHINE_002,2026-03-31T00:00:00+00:00,compressor,11791.13,4.086,180.17,1,1,244.9606,,,2026-03-12T07:00:00+00:00,synthetic_degradation_failure,360,9000
MACHINE_003,2026-01-01T00:00:00+00:00,motor,10500.0,1.9502,141.4049,0,0,105.765,,,2026-03-11T03:00:00+00:00,synthetic_degradation_failure,360,9000
MACHINE_003,2026-01-02T00:00:00+00:00,motor,10524.18,2.0055,136.8982,0,0,114.9952,,,2026-03-11T03:00:00+00:00,synthetic_degradation_failure,360,9000
MACHINE_003,2026-01-03T00:00:00+00:00,motor,10537.61,2.1142,140.9408,0,0,113.1598,,,2026-03-11T03:00:00+00:00,synthetic_degradation_failure,360,9000
MACHINE_003,2026-01-04T00:00:00+00:00,motor,10564.8,2.0127,139.5135,0,0,120.8289,,,2026-03-11T03:00:00+00:00,synthetic_degradation_failure,360,9000
MACHINE_003,2026-01-05T00:00:00+00:00,motor,10588.99,1.9774,148.157,0,0,132.666,,,2026-03-11T03:00:00+00:00,synthetic_degradation_failure,360,9000
MACHINE_003,2026-01-06T00:00:00+00:00,motor,10625.52,2.1562,137.0731,0,0,111.0774,,,2026-03-11T03:00:00+00:00,synthetic_degradation_failure,360,9000
MACHINE_003,2026-01-07T00:00:00+00:00,motor,10633.76,2.0214,144.3205,0,0,119.4947,,,2026-03-11T03:00:00+00:00,synthetic_degradation_failure,360,9000
MACHINE_003,2026-01-08T00:00:00+00:00,motor,10652.99,2.0686,145.6769,0,0,127.1195,,,2026-03-11T03:00:00+00:00,synthetic_degradation_failure,360,9000
MACHINE_003,2026-01-09T00:00:00+00:00,motor,10660.2,2.2389,147.0014,0,0,112.5721,,,2026-03-11T03:00:00+00:00,synthetic_degradation_failure,360,9000
MACHINE_003,2026-01-10T00:00:00+00:00,motor,10705.79,2.2024,149.6157,0,0,134.3891,,,2026-03-11T03:00:00+00:00,synthetic_degradation_failure,360,9000
MACHINE_003,2026-01-11T00:00:00+00:00,motor,10759.09,2.2432,147.6982,0,0,130.328,,,2026-03-11T03:00:00+00:00,synthetic_degradation_failure,360,9000
MACHINE_003,2026-01-12T00:00:00+00:00,motor,10779.02,2.1978,132.336,0,0,132.9318,,,2026-03-11T03:00:00+00:00,synthetic_degradation_failure,360,9000
MACHINE_003,2026-01-13T00:00:00+00:00,motor,10775.78,2.0942,144.4701,0,0,125.0182,,,2026-03-11T03:00:00+00:00,synthetic_degradation_failure,360,9000
MACHINE_003,2026-01-14T00:00:00+00:00,motor,10779.55,2.207,149.3395,0,0,132.6132,,,2026-03-11T03:00:00+00:00,synthetic_degradation_failure,360,9000
MACHINE_003,2026-01-15T00:00:00+00:00,motor,10758.95,2.2184,147.9538,0,0,130.1891,,,2026-03-11T03:00:00+00:00,synthetic_degradation_failure,360,9000
MACHINE_003,2026-01-16T00:00:00+00:00,motor,10817.15,2.3211,148.6236,0,0,133.13,,,2026-03-11T03:00:00+00:00,synthetic_degradation_failure,360,9000
MACHINE_003,2026-01-17T00:00:00+00:00,motor,10872.47,2.3165,144.8752,0,0,146.6831,,,2026-03-11T03:00:00+00:00,synthetic_degradation_failure,360,9000
MACHINE_003,2026-01-18T00:00:00+00:00,motor,10830.1,2.1738,151.0382,0,0,121.7736,,,2026-03-11T03:00:00+00:00,synthetic_degradation_failure,360,9000
MACHINE_003,2026-01-19T00:00:00+00:00,motor,10952.52,2.366,151.1494,0,0,124.4825,,,2026-03-11T03:00:00+00:00,synthetic_degradation_failure,360,9000
MACHINE_003,2026-01-20T00:00:00+00:00,motor,10897.68,2.3029,148.1096,0,0,154.7624,,,2026-03-11T03:00:00+00:00,synthetic_degradation_failure,360,9000
MACHINE_003,2026-01-21T00:00:00+00:00,motor,10941.43,2.4523,149.9907,0,0,149.0823,,,2026-03-11T03:00:00+00:00,synthetic_degradation_failure,360,9000
MACHINE_003,2026-01-22T00:00:00+00:00,motor,10946.57,2.3776,154.1135,0,0,135.5656,,,2026-03-11T03:00:00+00:00,synthetic_degradation_failure,360,9000
MACHINE_003,2026-01-23T00:00:00+00:00,motor,11011.37,2.4379,151.2194,0,0,151.0038,,,2026-03-11T03:00:00+00:00,synthetic_degradation_failure,360,9000
MACHINE_003,2026-01-24T00:00:00+00:00,motor,11057.18,2.4677,153.1117,0,0,160.1705,,,2026-03-11T03:00:00+00:00,synthetic_degradation_failure,360,9000
MACHINE_003,2026-01-25T00:00:00+00:00,motor,10984.83,2.2947,147.805,0,0,147.7136,,,2026-03-11T03:00:00+00:00,synthetic_degradation_failure,360,9000
MACHINE_003,2026-01-26T00:00:00+00:00,motor,10990.5,2.4202,154.8529,0,0,151.7968,,,2026-03-11T03:00:00+00:00,synthetic_degradation_failure,360,9000
MACHINE_003,2026-01-27T00:00:00+00:00,motor,11021.06,2.5164,144.3311,0,0,128.2786,,,2026-03-11T03:00:00+00:00,synthetic_degradation_failure,360,9000
MACHINE_003,2026-01-28T00:00:00+00:00,motor,11134.05,2.4868,157.334,0,0,153.5529,,,2026-03-11T03:00:00+00:00,synthetic_degradation_failure,360,9000
MACHINE_003,2026-01-29T00:00:00+00:00,motor,11103.44,2.546,151.4291,0,0,162.831,,,2026-03-11T03:00:00+00:00,synthetic_degradation_failure,360,9000
MACHINE_003,2026-01-30T00:00:00+00:00,motor,11135.64,2.5916,156.6392,0,0,164.153,,,2026-03-11T03:00:00+00:00,synthetic_degradation_failure,360,9000
MACHINE_003,2026-01-31T00:00:00+00:00,motor,11261.73,2.5553,151.2692,0,0,150.4819,2026-01-30T20:00:00+00:00,planned_inspection,2026-03-11T03:00:00+00:00,synthetic_degradation_failure,360,9000
MACHINE_003,2026-02-01T00:00:00+00:00,motor,11247.12,2.4907,156.4575,0,0,155.2623,,,2026-03-11T03:00:00+00:00,synthetic_degradation_failure,360,9000
MACHINE_003,2026-02-02T00:00:00+00:00,motor,11150.07,2.7828,149.587,1,0,160.2458,,,2026-03-11T03:00:00+00:00,synthetic_degradation_failure,360,9000
MACHINE_003,2026-02-03T00:00:00+00:00,motor,11309.44,2.6166,157.2641,0,0,174.7324,,,2026-03-11T03:00:00+00:00,synthetic_degradation_failure,360,9000
MACHINE_003,2026-02-04T00:00:00+00:00,motor,11328.92,2.7177,153.2966,0,0,150.9167,,,2026-03-11T03:00:00+00:00,synthetic_degradation_failure,360,9000
MACHINE_003,2026-02-05T00:00:00+00:00,motor,11239.22,2.7628,155.9535,0,0,151.9346,,,2026-03-11T03:00:00+00:00,synthetic_degradation_failure,360,9000
MACHINE_003,2026-02-06T00:00:00+00:00,motor,11326.46,2.5397,153.0003,0,0,177.7153,,,2026-03-11T03:00:00+00:00,synthetic_degradation_failure,360,9000
MACHINE_003,2026-02-07T00:00:00+00:00,motor,11400.06,2.6402,162.7819,0,0,164.4572,,,2026-03-11T03:00:00+00:00,synthetic_degradation_failure,360,9000
MACHINE_003,2026-02-08T00:00:00+00:00,motor,11437.09,2.7121,157.8712,0,0,153.433,,,2026-03-11T03:00:00+00:00,synthetic_degradation_failure,360,9000
MACHINE_003,2026-02-09T00:00:00+00:00,motor,11416.08,2.7794,156.7117,0,0,168.9436,,,2026-03-11T03:00:00+00:00,synthetic_degradation_failure,360,9000
MACHINE_003,2026-02-10T00:00:00+00:00,motor,11452.91,2.7616,155.5832,1,0,186.0948,,,2026-03-11T03:00:00+00:00,synthetic_degradation_failure,360,9000
MACHINE_003,2026-02-11T00:00:00+00:00,motor,11254.87,2.845,163.5641,1,0,177.8884,,,2026-03-11T03:00:00+00:00,synthetic_degradation_failure,360,9000
MACHINE_003,2026-02-12T00:00:00+00:00,motor,11531.93,2.8287,154.5958,1,0,159.6337,,,2026-03-11T03:00:00+00:00,synthetic_degradation_failure,360,9000
MACHINE_003,2026-02-13T00:00:00+00:00,motor,11442.99,2.9114,162.7349,1,0,171.9196,,,2026-03-11T03:00:00+00:00,synthetic_degradation_failure,360,9000
MACHINE_003,2026-02-14T00:00:00+00:00,motor,11346.04,2.8079,160.1711,0,0,187.4175,,,2026-03-11T03:00:00+00:00,synthetic_degradation_failure,360,9000
MACHINE_003,2026-02-15T00:00:00+00:00,motor,11467.07,2.8753,156.1973,1,0,177.5563,,,2026-03-11T03:00:00+00:00,synthetic_degradation_failure,360,9000
MACHINE_003,2026-02-16T00:00:00+00:00,motor,11389.82,2.8483,159.804,0,0,196.683,,,2026-03-11T03:00:00+00:00,synthetic_degradation_failure,360,9000
MACHINE_003,2026-02-17T00:00:00+00:00,motor,11654.02,2.8676,152.5398,0,0,177.7833,,,2026-03-11T03:00:00+00:00,synthetic_degradation_failure,360,9000
MACHINE_003,2026-02-18T00:00:00+00:00,motor,11652.89,3.0177,160.6588,1,0,182.4756,,,2026-03-11T03:00:00+00:00,synthetic_degradation_failure,360,9000
MACHINE_003,2026-02-19T00:00:00+00:00,motor,11467.92,2.9201,161.7226,1,0,160.1069,,,2026-03-11T03:00:00+00:00,synthetic_degradation_failure,360,9000
MACHINE_003,2026-02-20T00:00:00+00:00,motor,11470.52,2.9037,162.1544,1,0,189.4783,,,2026-03-11T03:00:00+00:00,synthetic_degradation_failure,360,9000
MACHINE_003,2026-02-21T00:00:00+00:00,motor,11473.98,3.0487,166.606,1,1,195.8184,,,2026-03-11T03:00:00+00:00,synthetic_degradation_failure,360,9000
MACHINE_003,2026-02-22T00:00:00+00:00,motor,11841.85,2.9422,165.6653,1,1,187.6497,,,2026-03-11T03:00:00+00:00,synthetic_degradation_failure,360,9000
MACHINE_003,2026-02-23T00:00:00+00:00,motor,11576.57,2.8111,157.5922,0,0,185.4481,,,2026-03-11T03:00:00+00:00,synthetic_degradation_failure,360,9000
MACHINE_003,2026-02-24T00:00:00+00:00,motor,11778.95,2.9066,159.7112,0,0,215.0994,,,2026-03-11T03:00:00+00:00,synthetic_degradation_failure,360,9000
MACHINE_003,2026-02-25T00:00:00+00:00,motor,11604.48,3.0142,162.5864,0,0,172.8883,,,2026-03-11T03:00:00+00:00,synthetic_degradation_failure,360,9000
MACHINE_003,2026-02-26T00:00:00+00:00,motor,11680.65,2.9873,164.0902,0,0,185.7943,,,2026-03-11T03:00:00+00:00,synthetic_degradation_failure,360,9000
MACHINE_003,2026-02-27T00:00:00+00:00,motor,11834.55,3.1165,166.4884,0,1,203.4054,,,2026-03-11T03:00:00+00:00,synthetic_degradation_failure,360,9000
MACHINE_003,2026-02-28T00:00:00+00:00,motor,11843.88,3.1578,165.1648,0,1,193.141,,,2026-03-11T03:00:00+00:00,synthetic_degradation_failure,360,9000
MACHINE_003,2026-03-01T00:00:00+00:00,motor,12003.58,3.1762,165.0323,1,1,207.8225,,,2026-03-11T03:00:00+00:00,synthetic_degradation_failure,360,9000
MACHINE_003,2026-03-02T00:00:00+00:00,motor,11906.17,3.2072,173.7204,1,1,186.9119,2026-03-01T20:00:00+00:00,planned_inspection,2026-03-11T03:00:00+00:00,synthetic_degradation_failure,360,9000
MACHINE_003,2026-03-03T00:00:00+00:00,motor,11683.96,3.2859,162.1409,0,0,195.7744,,,2026-03-11T03:00:00+00:00,synthetic_degradation_failure,360,9000
MACHINE_003,2026-03-04T00:00:00+00:00,motor,11643.41,3.179,164.1607,1,0,194.9574,,,2026-03-11T03:00:00+00:00,synthetic_degradation_failure,360,9000
MACHINE_003,2026-03-05T00:00:00+00:00,motor,12081.74,3.3897,168.3419,1,1,198.6344,,,2026-03-11T03:00:00+00:00,synthetic_degradation_failure,360,9000
MACHINE_003,2026-03-06T00:00:00+00:00,motor,11969.22,3.1701,156.9339,0,0,186.8634,,,2026-03-11T03:00:00+00:00,synthetic_degradation_failure,360,9000
MACHINE_003,2026-03-07T00:00:00+00:00,motor,11943.55,3.1515,173.2294,1,1,219.3197,,,2026-03-11T03:00:00+00:00,synthetic_degradation_failure,360,9000
MACHINE_003,2026-03-08T00:00:00+00:00,motor,12188.88,3.3298,164.7149,1,0,215.1457,,,2026-03-11T03:00:00+00:00,synthetic_degradation_failure,360,9000
MACHINE_003,2026-03-09T00:00:00+00:00,motor,11973.27,3.3319,170.9722,1,1,198.0753,,,2026-03-11T03:00:00+00:00,synthetic_degradation_failure,360,9000
MACHINE_003,2026-03-10T00:00:00+00:00,motor,11898.67,3.3141,170.4043,1,1,211.0133,,,2026-03-11T03:00:00+00:00,synthetic_degradation_failure,360,9000
MACHINE_003,2026-03-11T00:00:00+00:00,motor,11939.99,3.3766,175.6927,1,1,202.1789,,,2026-03-11T03:00:00+00:00,synthetic_degradation_failure,360,9000
MACHINE_003,2026-03-12T00:00:00+00:00,motor,12282.36,3.3047,174.0536,1,1,209.5148,,,2026-03-11T03:00:00+00:00,synthetic_degradation_failure,360,9000
MACHINE_003,2026-03-13T00:00:00+00:00,motor,12040.31,3.3534,164.0254,1,0,230.2487,,,2026-03-11T03:00:00+00:00,synthetic_degradation_failure,360,9000
MACHINE_003,2026-03-14T00:00:00+00:00,motor,12014.07,3.4113,167.7503,1,1,224.2701,,,2026-03-11T03:00:00+00:00,synthetic_degradation_failure,360,9000
MACHINE_003,2026-03-15T00:00:00+00:00,motor,11939.29,3.5463,169.1118,1,1,218.9438,,,2026-03-11T03:00:00+00:00,synthetic_degradation_failure,360,9000
MACHINE_003,2026-03-16T00:00:00+00:00,motor,12381.08,3.3914,171.2314,1,1,211.0535,,,2026-03-11T03:00:00+00:00,synthetic_degradation_failure,360,9000
MACHINE_003,2026-03-17T00:00:00+00:00,motor,12085.49,3.4992,174.1927,1,1,235.352,,,2026-03-11T03:00:00+00:00,synthetic_degradation_failure,360,9000
MACHINE_003,2026-03-18T00:00:00+00:00,motor,12281.69,3.497,169.713,1,1,216.3055,,,2026-03-11T03:00:00+00:00,synthetic_degradation_failure,360,9000
MACHINE_003,2026-03-19T00:00:00+00:00,motor,12191.79,3.5163,171.7242,1,1,202.0413,,,2026-03-11T03:00:00+00:00,synthetic_degradation_failure,360,9000
MACHINE_003,2026-03-20T00:00:00+00:00,motor,12452.35,3.5708,173.2271,1,1,211.9279,,,2026-03-11T03:00:00+00:00,synthetic_degradation_failure,360,9000
MACHINE_003,2026-03-21T00:00:00+00:00,motor,12411.74,3.6874,176.6709,1,1,222.2458,,,2026-03-11T03:00:00+00:00,synthetic_degradation_failure,360,9000
MACHINE_003,2026-03-22T00:00:00+00:00,motor,12487.61,3.3768,174.7935,1,1,212.3245,,,2026-03-11T03:00:00+00:00,synthetic_degradation_failure,360,9000
MACHINE_003,2026-03-23T00:00:00+00:00,motor,12483.5,3.4746,170.2904,1,1,208.6812,,,2026-03-11T03:00:00+00:00,synthetic_degradation_failure,360,9000
MACHINE_003,2026-03-24T00:00:00+00:00,motor,12254.79,3.6475,173.5363,1,1,221.0054,,,2026-03-11T03:00:00+00:00,synthetic_degradation_failure,360,9000
MACHINE_003,2026-03-25T00:00:00+00:00,motor,12550.24,3.3849,173.5395,1,1,240.4598,,,2026-03-11T03:00:00+00:00,synthetic_degradation_failure,360,9000
MACHINE_003,2026-03-26T00:00:00+00:00,motor,12361.75,3.6595,177.5804,1,1,231.8291,,,2026-03-11T03:00:00+00:00,synthetic_degradation_failure,360,9000
MACHINE_003,2026-03-27T00:00:00+00:00,motor,12286.18,3.5284,180.4691,1,1,229.6954,,,2026-03-11T03:00:00+00:00,synthetic_degradation_failure,360,9000
MACHINE_003,2026-03-28T00:00:00+00:00,motor,12195.46,3.5421,177.0114,1,1,239.6767,,,2026-03-11T03:00:00+00:00,synthetic_degradation_failure,360,9000
MACHINE_003,2026-03-29T00:00:00+00:00,motor,12725.33,3.6773,179.4533,1,1,227.4442,,,2026-03-11T03:00:00+00:00,synthetic_degradation_failure,360,9000
MACHINE_003,2026-03-30T00:00:00+00:00,motor,12542.78,3.7288,178.522,1,1,244.3218,,,2026-03-11T03:00:00+00:00,synthetic_degradation_failure,360,9000
MACHINE_003,2026-03-31T00:00:00+00:00,motor,12127.56,3.944,176.4077,1,1,245.3587,,,2026-03-11T03:00:00+00:00,synthetic_degradation_failure,360,9000
MACHINE_004,2026-01-01T00:00:00+00:00,pump,11250.0,2.3498,148.204,0,0,137.3794,,,2026-02-27T23:00:00+00:00,synthetic_degradation_failure,360,9000
MACHINE_004,2026-01-02T00:00:00+00:00,pump,11274.68,2.1648,149.5346,0,0,133.1908,,,2026-02-27T23:00:00+00:00,synthetic_degradation_failure,360,9000
MACHINE_004,2026-01-03T00:00:00+00:00,pump,11292.36,2.2423,146.1695,0,0,127.0055,,,2026-02-27T23:00:00+00:00,synthetic_degradation_failure,360,9000
MACHINE_004,2026-01-04T00:00:00+00:00,pump,11308.54,2.1948,151.7285,0,0,141.1734,,,2026-02-27T23:00:00+00:00,synthetic_degradation_failure,360,9000
MACHINE_004,2026-01-05T00:00:00+00:00,pump,11344.65,2.2752,143.9442,0,0,146.4542,,,2026-02-27T23:00:00+00:00,synthetic_degradation_failure,360,9000
MACHINE_004,2026-01-06T00:00:00+00:00,pump,11345.08,2.1439,152.1575,0,0,119.3896,,,2026-02-27T23:00:00+00:00,synthetic_degradation_failure,360,9000
MACHINE_004,2026-01-07T00:00:00+00:00,pump,11404.65,2.3142,151.4543,0,0,139.799,,,2026-02-27T23:00:00+00:00,synthetic_degradation_failure,360,9000
MACHINE_004,2026-01-08T00:00:00+00:00,pump,11396.25,2.4031,138.1506,0,0,136.6847,,,2026-02-27T23:00:00+00:00,synthetic_degradation_failure,360,9000
MACHINE_004,2026-01-09T00:00:00+00:00,pump,11422.55,2.3326,155.0028,0,0,143.1396,,,2026-02-27T23:00:00+00:00,synthetic_degradation_failure,360,9000
MACHINE_004,2026-01-10T00:00:00+00:00,pump,11426.82,2.2913,156.3062,0,0,145.8422,,,2026-02-27T23:00:00+00:00,synthetic_degradation_failure,360,9000
MACHINE_004,2026-01-11T00:00:00+00:00,pump,11508.18,2.514,153.1961,0,0,148.42,,,2026-02-27T23:00:00+00:00,synthetic_degradation_failure,360,9000
MACHINE_004,2026-01-12T00:00:00+00:00,pump,11465.17,2.4797,149.8785,0,0,139.1924,,,2026-02-27T23:00:00+00:00,synthetic_degradation_failure,360,9000
MACHINE_004,2026-01-13T00:00:00+00:00,pump,11485.38,2.4606,152.5869,0,0,145.4654,,,2026-02-27T23:00:00+00:00,synthetic_degradation_failure,360,9000
MACHINE_004,2026-01-14T00:00:00+00:00,pump,11520.18,2.3915,160.8711,0,0,159.6072,,,2026-02-27T23:00:00+00:00,synthetic_degradation_failure,360,9000
MACHINE_004,2026-01-15T00:00:00+00:00,pump,11544.37,2.3769,161.2582,0,0,158.1537,,,2026-02-27T23:00:00+00:00,synthetic_degradation_failure,360,9000
MACHINE_004,2026-01-16T00:00:00+00:00,pump,11598.38,2.4477,151.8923,0,0,163.8986,,,2026-02-27T23:00:00+00:00,synthetic_degradation_failure,360,9000
MACHINE_004,2026-01-17T00:00:00+00:00,pump,11559.62,2.4121,156.4165,0,0,157.8778,,,2026-02-27T23:00:00+00:00,synthetic_degradation_failure,360,9000
MACHINE_004,2026-01-18T00:00:00+00:00,pump,11626.66,2.4834,149.7918,0,0,136.421,,,2026-02-27T23:00:00+00:00,synthetic_degradation_failure,360,9000
MACHINE_004,2026-01-19T00:00:00+00:00,pump,11642.82,2.5184,152.1367,0,0,141.7469,,,2026-02-27T23:00:00+00:00,synthetic_degradation_failure,360,9000
MACHINE_004,2026-01-20T00:00:00+00:00,pump,11688.92,2.4919,155.7279,0,0,170.0515,,,2026-02-27T23:00:00+00:00,synthetic_degradation_failure,360,9000
MACHINE_004,2026-01-21T00:00:00+00:00,pump,11686.09,2.5883,163.9775,1,0,154.0433,,,2026-02-27T23:00:00+00:00,synthetic_degradation_failure,360,9000
MACHINE_004,2026-01-22T00:00:00+00:00,pump,11699.93,2.559,157.1029,0,0,154.6009,,,2026-02-27T23:00:00+00:00,synthetic_degradation_failure,360,9000
MACHINE_004,2026-01-23T00:00:00+00:00,pump,11762.61,2.5959,164.6505,0,0,177.851,,,2026-02-27T23:00:00+00:00,synthetic_degradation_failure,360,9000
MACHINE_004,2026-01-24T00:00:00+00:00,pump,11813.43,2.7021,152.9426,0,0,166.0393,,,2026-02-27T23:00:00+00:00,synthetic_degradation_failure,360,9000
MACHINE_004,2026-01-25T00:00:00+00:00,pump,11825.08,2.6483,151.0844,0,0,148.6154,,,2026-02-27T23:00:00+00:00,synthetic_degradation_failure,360,9000
MACHINE_004,2026-01-26T00:00:00+00:00,pump,11878.94,2.6738,161.119,0,0,141.727,,,2026-02-27T23:00:00+00:00,synthetic_degradation_failure,360,9000
MACHINE_004,2026-01-27T00:00:00+00:00,pump,11759.11,2.672,165.3917,0,1,161.8688,,,2026-02-27T23:00:00+00:00,synthetic_degradation_failure,360,9000
MACHINE_004,2026-01-28T00:00:00+00:00,pump,11888.96,2.7411,159.6499,0,0,170.5195,,,2026-02-27T23:00:00+00:00,synthetic_degradation_failure,360,9000
MACHINE_004,2026-01-29T00:00:00+00:00,pump,11815.25,2.6603,161.2977,0,0,171.9482,,,2026-02-27T23:00:00+00:00,synthetic_degradation_failure,360,9000
MACHINE_004,2026-01-30T00:00:00+00:00,pump,11788.22,2.6958,158.0837,0,0,159.3919,,,2026-02-27T23:00:00+00:00,synthetic_degradation_failure,360,9000
MACHINE_004,2026-01-31T00:00:00+00:00,pump,11897.58,2.6767,159.8545,0,0,178.6732,2026-01-30T20:00:00+00:00,planned_inspection,2026-02-27T23:00:00+00:00,synthetic_degradation_failure,360,9000
MACHINE_004,2026-02-01T00:00:00+00:00,pump,11923.94,2.7398,156.4538,1,0,176.3007,,,2026-02-27T23:00:00+00:00,synthetic_degradation_failure,360,9000
MACHINE_004,2026-02-02T00:00:00+00:00,pump,11895.84,2.845,150.9123,0,0,194.4174,,,2026-02-27T23:00:00+00:00,synthetic_degradation_failure,360,9000
MACHINE_004,2026-02-03T00:00:00+00:00,pump,11906.3,2.8305,161.9225,1,0,155.912,,,2026-02-27T23:00:00+00:00,synthetic_degradation_failure,360,9000
MACHINE_004,2026-02-04T00:00:00+00:00,pump,12097.87,2.8619,157.2593,1,0,174.1794,,,2026-02-27T23:00:00+00:00,synthetic_degradation_failure,360,9000
MACHINE_004,2026-02-05T00:00:00+00:00,pump,12101.61,2.7636,149.509,0,0,176.8918,,,2026-02-27T23:00:00+00:00,synthetic_degradation_failure,360,9000
MACHINE_004,2026-02-06T00:00:00+00:00,pump,12040.36,2.9714,165.6907,0,1,158.8731,,,2026-02-27T23:00:00+00:00,synthetic_degradation_failure,360,9000
MACHINE_004,2026-02-07T00:00:00+00:00,pump,11948.16,2.9495,162.5231,1,0,170.0162,,,2026-02-27T23:00:00+00:00,synthetic_degradation_failure,360,9000
MACHINE_004,2026-02-08T00:00:00+00:00,pump,12199.37,2.8483,164.6713,0,0,173.8063,,,2026-02-27T23:00:00+00:00,synthetic_degradation_failure,360,9000
MACHINE_004,2026-02-09T00:00:00+00:00,pump,12141.17,2.9242,165.423,1,1,183.5038,,,2026-02-27T23:00:00+00:00,synthetic_degradation_failure,360,9000
MACHINE_004,2026-02-10T00:00:00+00:00,pump,12024.34,2.9461,155.3292,0,0,191.5097,,,2026-02-27T23:00:00+00:00,synthetic_degradation_failure,360,9000
MACHINE_004,2026-02-11T00:00:00+00:00,pump,12261.59,2.8597,159.9437,0,0,183.7876,,,2026-02-27T23:00:00+00:00,synthetic_degradation_failure,360,9000
MACHINE_004,2026-02-12T00:00:00+00:00,pump,12094.94,2.9548,160.3155,1,0,196.9779,,,2026-02-27T23:00:00+00:00,synthetic_degradation_failure,360,9000
MACHINE_004,2026-02-13T00:00:00+00:00,pump,12104.93,2.9937,164.1785,0,0,178.8628,,,2026-02-27T23:00:00+00:00,synthetic_degradation_failure,360,9000
MACHINE_004,2026-02-14T00:00:00+00:00,pump,12194.25,2.9943,159.3538,1,0,199.0728,,,2026-02-27T23:00:00+00:00,synthetic_degradation_failure,360,9000
MACHINE_004,2026-02-15T00:00:00+00:00,pump,12360.65,3.0671,163.5169,1,0,193.0907,,,2026-02-27T23:00:00+00:00,synthetic_degradation_failure,360,9000
MACHINE_004,2026-02-16T00:00:00+00:00,pump,12092.22,2.9841,164.9032,1,0,172.5226,,,2026-02-27T23:00:00+00:00,synthetic_degradation_failure,360,9000
MACHINE_004,2026-02-17T00:00:00+00:00,pump,12244.61,3.2002,164.5623,1,0,189.0782,,,2026-02-27T23:00:00+00:00,synthetic_degradation_failure,360,9000
MACHINE_004,2026-02-18T00:00:00+00:00,pump,12271.46,2.9954,156.1859,1,0,187.7034,,,2026-02-27T23:00:00+00:00,synthetic_degradation_failure,360,9000
MACHINE_004,2026-02-19T00:00:00+00:00,pump,12517.33,3.0341,160.3123,1,0,191.7021,,,2026-02-27T23:00:00+00:00,synthetic_degradation_failure,360,9000
MACHINE_004,2026-02-20T00:00:00+00:00,pump,12441.93,3.2013,167.6245,1,1,216.22,,,2026-02-27T23:00:00+00:00,synthetic_degradation_failure,360,9000
MACHINE_004,2026-02-21T00:00:00+00:00,pump,12243.63,3.1807,171.2607,1,1,187.6691,,,2026-02-27T23:00:00+00:00,synthetic_degradation_failure,360,9000
MACHINE_004,2026-02-22T00:00:00+00:00,pump,12519.93,3.3137,169.1512,1,1,201.1543,,,2026-02-27T23:00:00+00:00,synthetic_degradation_failure,360,9000
MACHINE_004,2026-02-23T00:00:00+00:00,pump,12604.17,3.2481,166.4982,1,1,205.5616,,,2026-02-27T23:00:00+00:00,synthetic_degradation_failure,360,9000
MACHINE_004,2026-02-24T00:00:00+00:00,pump,12237.17,3.2876,179.5536,0,1,209.4602,,,2026-02-27T23:00:00+00:00,synthetic_degradation_failure,360,9000
MACHINE_004,2026-02-25T00:00:00+00:00,pump,12643.65,3.3112,168.4717,1,1,219.4196,,,2026-02-27T23:00:00+00:00,synthetic_degradation_failure,360,9000
MACHINE_004,2026-02-26T00:00:00+00:00,pump,12646.61,3.3756,159.2972,1,0,212.8596,,,2026-02-27T23:00:00+00:00,synthetic_degradation_failure,360,9000
MACHINE_004,2026-02-27T00:00:00+00:00,pump,12632.06,3.2075,165.7402,1,1,210.383,,,2026-02-27T23:00:00+00:00,synthetic_degradation_failure,360,9000
MACHINE_004,2026-02-28T00:00:00+00:00,pump,12538.74,3.4118,162.3913,1,0,212.0806,,,2026-02-27T23:00:00+00:00,synthetic_degradation_failure,360,9000
MACHINE_004,2026-03-01T00:00:00+00:00,pump,12424.5,3.2274,171.8533,0,1,219.9262,,,2026-02-27T23:00:00+00:00,synthetic_degradation_failure,360,9000
MACHINE_004,2026-03-02T00:00:00+00:00,pump,12707.71,3.3693,169.7533,1,1,213.1002,2026-03-01T20:00:00+00:00,planned_inspection,2026-02-27T23:00:00+00:00,synthetic_degradation_failure,360,9000
MACHINE_004,2026-03-03T00:00:00+00:00,pump,12603.27,3.3445,175.7104,1,1,212.4749,,,2026-02-27T23:00:00+00:00,synthetic_degradation_failure,360,9000
MACHINE_004,2026-03-04T00:00:00+00:00,pump,12821.26,3.2797,172.5616,1,1,225.2936,,,2026-02-27T23:00:00+00:00,synthetic_degradation_failure,360,9000
MACHINE_004,2026-03-05T00:00:00+00:00,pump,12881.26,3.616,166.9961,1,1,237.2029,,,2026-02-27T23:00:00+00:00,synthetic_degradation_failure,360,9000
MACHINE_004,2026-03-06T00:00:00+00:00,pump,12805.35,3.3894,172.6814,1,1,223.4841,,,2026-02-27T23:00:00+00:00,synthetic_degradation_failure,360,9000
MACHINE_004,2026-03-07T00:00:00+00:00,pump,12820.5,3.4579,165.7822,1,1,226.6091,,,2026-02-27T23:00:00+00:00,synthetic_degradation_failure,360,9000
MACHINE_004,2026-03-08T00:00:00+00:00,pump,12450.91,3.3558,176.5174,1,1,216.2932,,,2026-02-27T23:00:00+00:00,synthetic_degradation_failure,360,9000
MACHINE_004,2026-03-09T00:00:00+00:00,pump,12485.59,3.385,168.8505,1,1,237.282,,,2026-02-27T23:00:00+00:00,synthetic_degradation_failure,360,9000
MACHINE_004,2026-03-10T00:00:00+00:00,pump,12988.16,3.5763,171.1878,1,1,225.0283,,,2026-02-27T23:00:00+00:00,synthetic_degradation_failure,360,9000
MACHINE_004,2026-03-11T00:00:00+00:00,pump,12611.19,3.5023,167.4398,1,1,222.5679,,,2026-02-27T23:00:00+00:00,synthetic_degradation_failure,360,9000
MACHINE_004,2026-03-12T00:00:00+00:00,pump,12525.22,3.5979,172.2558,1,1,211.954,,,2026-02-27T23:00:00+00:00,synthetic_degradation_failure,360,9000
MACHINE_004,2026-03-13T00:00:00+00:00,pump,12829.96,3.4948,172.5341,1,1,207.5219,,,2026-02-27T23:00:00+00:00,synthetic_degradation_failure,360,9000
MACHINE_004,2026-03-14T00:00:00+00:00,pump,13057.52,3.7573,173.0829,1,1,242.4693,,,2026-02-27T23:00:00+00:00,synthetic_degradation_failure,360,9000
MACHINE_004,2026-03-15T00:00:00+00:00,pump,13131.85,3.5786,166.1826,1,1,232.5328,,,2026-02-27T23:00:00+00:00,synthetic_degradation_failure,360,9000
MACHINE_004,2026-03-16T00:00:00+00:00,pump,12707.37,3.6552,173.3397,1,1,241.1718,,,2026-02-27T23:00:00+00:00,synthetic_degradation_failure,360,9000
MACHINE_004,2026-03-17T00:00:00+00:00,pump,12644.43,3.7488,170.4725,1,1,255.7828,,,2026-02-27T23:00:00+00:00,synthetic_degradation_failure,360,9000
MACHINE_004,2026-03-18T00:00:00+00:00,pump,13001.59,3.6929,172.6901,1,1,238.7306,,,2026-02-27T23:00:00+00:00,synthetic_degradation_failure,360,9000
MACHINE_004,2026-03-19T00:00:00+00:00,pump,12911.59,3.6978,176.7177,1,1,225.0225,,,2026-02-27T23:00:00+00:00,synthetic_degradation_failure,360,9000
MACHINE_004,2026-03-20T00:00:00+00:00,pump,12816.68,3.7982,171.7566,1,1,232.6892,,,2026-02-27T23:00:00+00:00,synthetic_degradation_failure,360,9000
MACHINE_004,2026-03-21T00:00:00+00:00,pump,13105.58,3.714,183.5284,1,1,229.2131,,,2026-02-27T23:00:00+00:00,synthetic_degradation_failure,360,9000
MACHINE_004,2026-03-22T00:00:00+00:00,pump,12828.64,3.7031,175.6997,1,1,238.8581,,,2026-02-27T23:00:00+00:00,synthetic_degradation_failure,360,9000
MACHINE_004,2026-03-23T00:00:00+00:00,pump,12895.81,3.7231,175.9208,1,1,239.5637,,,2026-02-27T23:00:00+00:00,synthetic_degradation_failure,360,9000
MACHINE_004,2026-03-24T00:00:00+00:00,pump,12814.61,3.8554,185.6253,1,1,236.3573,,,2026-02-27T23:00:00+00:00,synthetic_degradation_failure,360,9000
MACHINE_004,2026-03-25T00:00:00+00:00,pump,13040.7,3.731,176.064,1,1,237.5374,,,2026-02-27T23:00:00+00:00,synthetic_degradation_failure,360,9000
MACHINE_004,2026-03-26T00:00:00+00:00,pump,13261.23,3.8335,174.6964,1,1,240.3758,,,2026-02-27T23:00:00+00:00,synthetic_degradation_failure,360,9000
MACHINE_004,2026-03-27T00:00:00+00:00,pump,13201.41,3.8289,180.2402,1,1,268.0587,,,2026-02-27T23:00:00+00:00,synthetic_degradation_failure,360,9000
MACHINE_004,2026-03-28T00:00:00+00:00,pump,13305.41,3.9088,174.9539,1,1,241.228,,,2026-02-27T23:00:00+00:00,synthetic_degradation_failure,360,9000
MACHINE_004,2026-03-29T00:00:00+00:00,pump,13159.48,3.9698,181.1117,1,1,244.0526,,,2026-02-27T23:00:00+00:00,synthetic_degradation_failure,360,9000
MACHINE_004,2026-03-30T00:00:00+00:00,pump,12986.71,4.0221,185.5555,1,1,258.3467,,,2026-02-27T23:00:00+00:00,synthetic_degradation_failure,360,9000
MACHINE_004,2026-03-31T00:00:00+00:00,pump,13374.23,3.8124,181.4761,1,1,253.768,,,2026-02-27T23:00:00+00:00,synthetic_degradation_failure,360,9000
MACHINE_005,2026-01-01T00:00:00+00:00,compressor,12000.0,2.0298,142.7517,0,0,116.1764,,,2026-02-16T13:00:00+00:00,synthetic_degradation_failure,360,9000
MACHINE_005,2026-01-02T00:00:00+00:00,compressor,12025.25,2.0373,143.7558,0,0,98.8088,,,2026-02-16T13:00:00+00:00,synthetic_degradation_failure,360,9000
MACHINE_005,2026-01-03T00:00:00+00:00,compressor,12039.58,2.0816,145.9421,0,0,99.9342,,,2026-02-16T13:00:00+00:00,synthetic_degradation_failure,360,9000
MACHINE_005,2026-01-04T00:00:00+00:00,compressor,12077.84,2.1236,146.1437,0,0,116.2856,,,2026-02-16T13:00:00+00:00,synthetic_degradation_failure,360,9000
MACHINE_005,2026-01-05T00:00:00+00:00,compressor,12101.85,2.1963,148.497,0,0,101.2744,,,2026-02-16T13:00:00+00:00,synthetic_degradation_failure,360,9000
MACHINE_005,2026-01-06T00:00:00+00:00,compressor,12107.59,2.2394,149.5282,0,0,130.5337,,,2026-02-16T13:00:00+00:00,synthetic_degradation_failure,360,9000
MACHINE_005,2026-01-07T00:00:00+00:00,compressor,12120.92,2.2864,143.8344,0,0,132.7129,,,2026-02-16T13:00:00+00:00,synthetic_degradation_failure,360,9000
MACHINE_005,2026-01-08T00:00:00+00:00,compressor,12161.65,2.0923,149.3862,0,0,127.5642,,,2026-02-16T13:00:00+00:00,synthetic_degradation_failure,360,9000
MACHINE_005,2026-01-09T00:00:00+00:00,compressor,12152.14,2.181,154.0298,0,0,122.2558,,,2026-02-16T13:00:00+00:00,synthetic_degradation_failure,360,9000
MACHINE_005,2026-01-10T00:00:00+00:00,compressor,12216.67,2.292,142.516,0,0,109.1962,,,2026-02-16T13:00:00+00:00,synthetic_degradation_failure,360,9000
MACHINE_005,2026-01-11T00:00:00+00:00,compressor,12232.47,2.1522,147.3562,0,0,124.6025,,,2026-02-16T13:00:00+00:00,synthetic_degradation_failure,360,9000
MACHINE_005,2026-01-12T00:00:00+00:00,compressor,12199.91,2.2377,151.9718,0,0,125.543,,,2026-02-16T13:00:00+00:00,synthetic_degradation_failure,360,9000
MACHINE_005,2026-01-13T00:00:00+00:00,compressor,12258.51,2.3652,151.2457,0,0,140.463,,,2026-02-16T13:00:00+00:00,synthetic_degradation_failure,360,9000
MACHINE_005,2026-01-14T00:00:00+00:00,compressor,12252.57,2.4147,154.1575,0,0,136.9236,,,2026-02-16T13:00:00+00:00,synthetic_degradation_failure,360,9000
MACHINE_005,2026-01-15T00:00:00+00:00,compressor,12325.92,2.376,148.9669,0,0,145.5151,,,2026-02-16T13:00:00+00:00,synthetic_degradation_failure,360,9000
MACHINE_005,2026-01-16T00:00:00+00:00,compressor,12306.03,2.2924,146.0614,0,0,119.9562,,,2026-02-16T13:00:00+00:00,synthetic_degradation_failure,360,9000
MACHINE_005,2026-01-17T00:00:00+00:00,compressor,12333.08,2.5064,156.9291,0,0,146.9332,,,2026-02-16T13:00:00+00:00,synthetic_degradation_failure,360,9000
MACHINE_005,2026-01-18T00:00:00+00:00,compressor,12389.01,2.3451,152.0224,0,0,143.7964,,,2026-02-16T13:00:00+00:00,synthetic_degradation_failure,360,9000
MACHINE_005,2026-01-19T00:00:00+00:00,compressor,12392.4,2.4176,145.7607,1,0,152.8186,,,2026-02-16T13:00:00+00:00,synthetic_degradation_failure,360,9000
MACHINE_005,2026-01-20T00:00:00+00:00,compressor,12411.14,2.3307,143.7703,0,0,138.202,,,2026-02-16T13:00:00+00:00,synthetic_degradation_failure,360,9000
MACHINE_005,2026-01-21T00:00:00+00:00,compressor,12392.22,2.4779,150.9834,0,0,139.9167,,,2026-02-16T13:00:00+00:00,synthetic_degradation_failure,360,9000
MACHINE_005,2026-01-22T00:00:00+00:00,compressor,12380.02,2.5099,152.6521,1,0,135.2977,,,2026-02-16T13:00:00+00:00,synthetic_degradation_failure,360,9000
MACHINE_005,2026-01-23T00:00:00+00:00,compressor,12492.86,2.4935,151.6818,1,0,140.5469,,,2026-02-16T13:00:00+00:00,synthetic_degradation_failure,360,9000
MACHINE_005,2026-01-24T00:00:00+00:00,compressor,12490.77,2.5458,142.2813,1,0,119.3194,,,2026-02-16T13:00:00+00:00,synthetic_degradation_failure,360,9000
MACHINE_005,2026-01-25T00:00:00+00:00,compressor,12572.12,2.6037,153.0697,0,0,140.3028,,,2026-02-16T13:00:00+00:00,synthetic_degradation_failure,360,9000
MACHINE_005,2026-01-26T00:00:00+00:00,compressor,12643.89,2.388,159.2437,1,0,140.7607,,,2026-02-16T13:00:00+00:00,synthetic_degradation_failure,360,9000
MACHINE_005,2026-01-27T00:00:00+00:00,compressor,12564.5,2.4803,158.5816,1,0,136.9374,,,2026-02-16T13:00:00+00:00,synthetic_degradation_failure,360,9000
MACHINE_005,2026-01-28T00:00:00+00:00,compressor,12567.69,2.5126,160.6796,0,0,171.6158,,,2026-02-16T13:00:00+00:00,synthetic_degradation_failure,360,9000
MACHINE_005,2026-01-29T00:00:00+00:00,compressor,12561.77,2.5087,153.1853,0,0,144.2718,,,2026-02-16T13:00:00+00:00,synthetic_degradation_failure,360,9000
MACHINE_005,2026-01-30T00:00:00+00:00,compressor,12678.41,2.5234,147.5619,0,0,140.4338,,,2026-02-16T13:00:00+00:00,synthetic_degradation_failure,360,9000
MACHINE_005,2026-01-31T00:00:00+00:00,compressor,12608.43,2.5689,153.1873,1,0,160.4709,2026-01-30T20:00:00+00:00,planned_inspection,2026-02-16T13:00:00+00:00,synthetic_degradation_failure,360,9000
MACHINE_005,2026-02-01T00:00:00+00:00,compressor,12668.7,2.5196,154.4452,1,0,151.106,,,2026-02-16T13:00:00+00:00,synthetic_degradation_failure,360,9000
MACHINE_005,2026-02-02T00:00:00+00:00,compressor,12701.25,2.5855,156.3045,1,0,164.4389,,,2026-02-16T13:00:00+00:00,synthetic_degradation_failure,360,9000
MACHINE_005,2026-02-03T00:00:00+00:00,compressor,12669.66,2.68,156.8944,0,0,169.0911,,,2026-02-16T13:00:00+00:00,synthetic_degradation_failure,360,9000
MACHINE_005,2026-02-04T00:00:00+00:00,compressor,12688.06,2.7146,156.5059,1,0,163.3263,,,2026-02-16T13:00:00+00:00,synthetic_degradation_failure,360,9000
MACHINE_005,2026-02-05T00:00:00+00:00,compressor,12660.43,2.75,165.403,0,1,174.8276,,,2026-02-16T13:00:00+00:00,synthetic_degradation_failure,360,9000
MACHINE_005,2026-02-06T00:00:00+00:00,compressor,12881.37,2.7791,165.3059,1,1,170.2797,,,2026-02-16T13:00:00+00:00,synthetic_degradation_failure,360,9000
MACHINE_005,2026-02-07T00:00:00+00:00,compressor,12818.48,2.7842,158.3862,1,0,167.1192,,,2026-02-16T13:00:00+00:00,synthetic_degradation_failure,360,9000
MACHINE_005,2026-02-08T00:00:00+00:00,compressor,12970.49,2.7403,156.5582,0,0,175.3696,,,2026-02-16T13:00:00+00:00,synthetic_degradation_failure,360,9000
MACHINE_005,2026-02-09T00:00:00+00:00,compressor,12947.72,2.8402,164.0329,1,0,176.8269,,,2026-02-16T13:00:00+00:00,synthetic_degradation_failure,360,9000
MACHINE_005,2026-02-10T00:00:00+00:00,compressor,12862.38,2.8343,158.4378,1,0,169.8318,,,2026-02-16T13:00:00+00:00,synthetic_degradation_failure,360,9000
MACHINE_005,2026-02-11T00:00:00+00:00,compressor,12743.32,2.8964,161.9574,0,0,187.0225,,,2026-02-16T13:00:00+00:00,synthetic_degradation_failure,360,9000
MACHINE_005,2026-02-12T00:00:00+00:00,compressor,13084.62,2.7928,166.094,1,1,164.5947,,,2026-02-16T13:00:00+00:00,synthetic_degradation_failure,360,9000
MACHINE_005,2026-02-13T00:00:00+00:00,compressor,12947.4,2.9544,161.687,1,0,180.2776,,,2026-02-16T13:00:00+00:00,synthetic_degradation_failure,360,9000
MACHINE_005,2026-02-14T00:00:00+00:00,compressor,13133.84,2.8688,164.4441,1,0,180.2759,,,2026-02-16T13:00:00+00:00,synthetic_degradation_failure,360,9000
MACHINE_005,2026-02-15T00:00:00+00:00,compressor,12910.62,2.9521,162.2263,1,0,166.8554,,,2026-02-16T13:00:00+00:00,synthetic_degradation_failure,360,9000
MACHINE_005,2026-02-16T00:00:00+00:00,compressor,12896.63,2.7535,163.7161,1,0,196.1004,,,2026-02-16T13:00:00+00:00,synthetic_degradation_failure,360,9000
MACHINE_005,2026-02-17T00:00:00+00:00,compressor,13101.69,3.0344,161.6957,1,0,191.8308,,,2026-02-16T13:00:00+00:00,synthetic_degradation_failure,360,9000
MACHINE_005,2026-02-18T00:00:00+00:00,compressor,12997.96,3.0814,159.6974,1,0,195.1332,,,2026-02-16T13:00:00+00:00,synthetic_degradation_failure,360,9000
MACHINE_005,2026-02-19T00:00:00+00:00,compressor,13106.2,3.175,161.0073,1,0,177.4079,,,2026-02-16T13:00:00+00:00,synthetic_degradation_failure,360,9000
MACHINE_005,2026-02-20T00:00:00+00:00,compressor,13097.84,3.0815,164.859,1,0,196.4644,,,2026-02-16T13:00:00+00:00,synthetic_degradation_failure,360,9000
MACHINE_005,2026-02-21T00:00:00+00:00,compressor,13300.26,3.1544,176.2686,1,1,196.0712,,,2026-02-16T13:00:00+00:00,synthetic_degradation_failure,360,9000
MACHINE_005,2026-02-22T00:00:00+00:00,compressor,13078.08,2.9369,162.8169,1,0,177.2146,,,2026-02-16T13:00:00+00:00,synthetic_degradation_failure,360,9000
MACHINE_005,2026-02-23T00:00:00+00:00,compressor,13213.96,3.1235,167.1354,1,1,191.4003,,,2026-02-16T13:00:00+00:00,synthetic_degradation_failure,360,9000
MACHINE_005,2026-02-24T00:00:00+00:00,compressor,13018.76,3.1191,168.1283,1,1,191.152,,,2026-02-16T13:00:00+00:00,synthetic_degradation_failure,360,9000
MACHINE_005,2026-02-25T00:00:00+00:00,compressor,13156.59,2.9835,165.3482,1,1,183.1566,,,2026-02-16T13:00:00+00:00,synthetic_degradation_failure,360,9000
MACHINE_005,2026-02-26T00:00:00+00:00,compressor,13019.29,3.166,158.1593,1,0,201.535,,,2026-02-16T13:00:00+00:00,synthetic_degradation_failure,360,9000
MACHINE_005,2026-02-27T00:00:00+00:00,compressor,13255.92,3.0894,167.806,1,1,206.6776,,,2026-02-16T13:00:00+00:00,synthetic_degradation_failure,360,9000
MACHINE_005,2026-02-28T00:00:00+00:00,compressor,13435.74,3.1642,165.0437,1,1,202.3023,,,2026-02-16T13:00:00+00:00,synthetic_degradation_failure,360,9000
MACHINE_005,2026-03-01T00:00:00+00:00,compressor,13207.59,3.2322,171.225,1,1,209.6426,,,2026-02-16T13:00:00+00:00,synthetic_degradation_failure,360,9000
MACHINE_005,2026-03-02T00:00:00+00:00,compressor,13124.77,3.1773,161.1063,1,0,205.8068,2026-03-01T20:00:00+00:00,planned_inspection,2026-02-16T13:00:00+00:00,synthetic_degradation_failure,360,9000
MACHINE_005,2026-03-03T00:00:00+00:00,compressor,13391.98,3.2046,171.8153,1,1,199.564,,,2026-02-16T13:00:00+00:00,synthetic_degradation_failure,360,9000
MACHINE_005,2026-03-04T00:00:00+00:00,compressor,13137.06,3.1979,165.924,1,1,210.0336,,,2026-02-16T13:00:00+00:00,synthetic_degradation_failure,360,9000
MACHINE_005,2026-03-05T00:00:00+00:00,compressor,13577.22,3.3746,170.2999,1,1,204.9814,,,2026-02-16T13:00:00+00:00,synthetic_degradation_failure,360,9000
MACHINE_005,2026-03-06T00:00:00+00:00,compressor,13409.29,3.3303,170.7548,1,1,214.5694,,,2026-02-16T13:00:00+00:00,synthetic_degradation_failure,360,9000
MACHINE_005,2026-03-07T00:00:00+00:00,compressor,13353.0,3.2769,170.554,1,1,212.3942,,,2026-02-16T13:00:00+00:00,synthetic_degradation_failure,360,9000
MACHINE_005,2026-03-08T00:00:00+00:00,compressor,13700.04,3.3198,172.3614,1,1,212.8868,,,2026-02-16T13:00:00+00:00,synthetic_degradation_failure,360,9000
MACHINE_005,2026-03-09T00:00:00+00:00,compressor,13488.18,3.3514,172.3575,1,1,209.836,,,2026-02-16T13:00:00+00:00,synthetic_degradation_failure,360,9000
MACHINE_005,2026-03-10T00:00:00+00:00,compressor,13729.7,3.4694,172.7264,1,1,213.8461,,,2026-02-16T13:00:00+00:00,synthetic_degradation_failure,360,9000
MACHINE_005,2026-03-11T00:00:00+00:00,compressor,13572.02,3.638,173.4158,1,1,209.2975,,,2026-02-16T13:00:00+00:00,synthetic_degradation_failure,360,9000
MACHINE_005,2026-03-12T00:00:00+00:00,compressor,13631.24,3.5166,170.7703,1,1,217.0495,,,2026-02-16T13:00:00+00:00,synthetic_degradation_failure,360,9000
MACHINE_005,2026-03-13T00:00:00+00:00,compressor,13461.62,3.3939,168.3144,1,1,225.1386,,,2026-02-16T13:00:00+00:00,synthetic_degradation_failure,360,9000
MACHINE_005,2026-03-14T00:00:00+00:00,compressor,13355.99,3.4169,175.7155,1,1,215.3581,,,2026-02-16T13:00:00+00:00,synthetic_degradation_failure,360,9000
MACHINE_005,2026-03-15T00:00:00+00:00,compressor,13380.59,3.6058,175.9281,1,1,234.4901,,,2026-02-16T13:00:00+00:00,synthetic_degradation_failure,360,9000
MACHINE_005,2026-03-16T00:00:00+00:00,compressor,13599.85,3.3849,170.8298,1,1,214.9542,,,2026-02-16T13:00:00+00:00,synthetic_degradation_failure,360,9000
MACHINE_005,2026-03-17T00:00:00+00:00,compressor,13773.16,3.5177,169.3058,1,1,225.4238,,,2026-02-16T13:00:00+00:00,synthetic_degradation_failure,360,9000
MACHINE_005,2026-03-18T00:00:00+00:00,compressor,13766.52,3.6023,176.9731,1,1,247.5627,,,2026-02-16T13:00:00+00:00,synthetic_degradation_failure,360,9000
MACHINE_005,2026-03-19T00:00:00+00:00,compressor,13470.07,3.4327,170.9405,1,1,227.9691,,,2026-02-16T13:00:00+00:00,synthetic_degradation_failure,360,9000
MACHINE_005,2026-03-20T00:00:00+00:00,compressor,13441.83,3.5642,183.3826,1,1,236.5011,,,2026-02-16T13:00:00+00:00,synthetic_degradation_failure,360,9000
MACHINE_005,2026-03-21T00:00:00+00:00,compressor,13587.52,3.5417,175.875,1,1,212.1215,,,2026-02-16T13:00:00+00:00,synthetic_degradation_failure,360,9000
MACHINE_005,2026-03-22T00:00:00+00:00,compressor,13933.99,3.6428,175.2561,1,1,226.7337,,,2026-02-16T13:00:00+00:00,synthetic_degradation_failure,360,9000
MACHINE_005,2026-03-23T00:00:00+00:00,compressor,14047.55,3.6689,178.9247,1,1,230.63,,,2026-02-16T13:00:00+00:00,synthetic_degradation_failure,360,9000
MACHINE_005,2026-03-24T00:00:00+00:00,compressor,14123.28,3.7167,179.3378,1,1,242.9219,,,2026-02-16T13:00:00+00:00,synthetic_degradation_failure,360,9000
MACHINE_005,2026-03-25T00:00:00+00:00,compressor,13993.01,3.805,184.3966,1,1,236.6014,,,2026-02-16T13:00:00+00:00,synthetic_degradation_failure,360,9000
MACHINE_005,2026-03-26T00:00:00+00:00,compressor,13923.56,3.7138,175.0752,1,1,238.8336,,,2026-02-16T13:00:00+00:00,synthetic_degradation_failure,360,9000
MACHINE_005,2026-03-27T00:00:00+00:00,compressor,13908.21,3.7486,174.8849,1,1,241.6943,,,2026-02-16T13:00:00+00:00,synthetic_degradation_failure,360,9000
MACHINE_005,2026-03-28T00:00:00+00:00,compressor,13677.42,3.808,187.1934,1,1,245.6465,,,2026-02-16T13:00:00+00:00,synthetic_degradation_failure,360,9000
MACHINE_005,2026-03-29T00:00:00+00:00,compressor,14184.07,3.6787,185.1702,1,1,231.8007,,,2026-02-16T13:00:00+00:00,synthetic_degradation_failure,360,9000
MACHINE_005,2026-03-30T00:00:00+00:00,compressor,14082.56,3.7945,175.6177,1,1,255.9784,,,2026-02-16T13:00:00+00:00,synthetic_degradation_failure,360,9000
MACHINE_005,2026-03-31T00:00:00+00:00,compressor,14120.68,3.7102,183.387,1,1,238.9239,,,2026-02-16T13:00:00+00:00,synthetic_degradation_failure,360,9000
MACHINE_006,2026-01-01T00:00:00+00:00,motor,12750.0,1.2735,124.0977,0,0,61.1693,,,,,,
MACHINE_006,2026-01-02T00:00:00+00:00,motor,12772.79,1.2629,123.5142,0,0,56.8846,,,,,,
MACHINE_006,2026-01-03T00:00:00+00:00,motor,12788.89,1.2243,118.7348,0,0,55.7999,,,,,,
MACHINE_006,2026-01-04T00:00:00+00:00,motor,12815.91,1.2184,131.4015,0,0,52.2751,,,,,,
MACHINE_006,2026-01-05T00:00:00+00:00,motor,12824.57,1.1438,129.9095,0,0,60.7306,,,,,,
MACHINE_006,2026-01-06T00:00:00+00:00,motor,12862.95,1.1904,115.9889,0,0,73.2797,,,,,,
MACHINE_006,2026-01-07T00:00:00+00:00,motor,12864.65,1.0215,133.185,0,0,65.4672,,,,,,
MACHINE_006,2026-01-08T00:00:00+00:00,motor,12907.79,1.2169,129.696,0,0,77.1921,,,,,,
MACHINE_006,2026-01-09T00:00:00+00:00,motor,12912.44,1.0738,130.4195,0,0,67.8893,,,,,,
MACHINE_006,2026-01-10T00:00:00+00:00,motor,12918.4,1.3134,132.7328,0,0,49.8067,,,,,,
MACHINE_006,2026-01-11T00:00:00+00:00,motor,12973.86,1.2157,127.4498,0,0,31.1244,,,,,,
MACHINE_006,2026-01-12T00:00:00+00:00,motor,13035.04,1.2898,127.8267,0,0,60.3293,,,,,,
MACHINE_006,2026-01-13T00:00:00+00:00,motor,13051.09,1.3011,133.4941,0,0,75.3279,,,,,,
MACHINE_006,2026-01-14T00:00:00+00:00,motor,13022.12,1.3399,132.0427,0,0,67.1343,,,,,,
MACHINE_006,2026-01-15T00:00:00+00:00,motor,13030.1,1.2986,132.6441,0,0,75.9315,,,,,,
MACHINE_006,2026-01-16T00:00:00+00:00,motor,13036.05,1.1496,133.4219,0,0,80.6727,,,,,,
MACHINE_006,2026-01-17T00:00:00+00:00,motor,13039.1,1.4402,128.1356,0,0,70.0254,,,,,,
MACHINE_006,2026-01-18T00:00:00+00:00,motor,13157.74,1.3409,132.4715,0,0,77.2075,,,,,,
MACHINE_006,2026-01-19T00:00:00+00:00,motor,13075.57,1.4677,138.4396,0,0,49.7591,,,,,,
MACHINE_006,2026-01-20T00:00:00+00:00,motor,13110.84,1.4852,129.0315,0,0,64.8334,,,,,,
MACHINE_006,2026-01-21T00:00:00+00:00,motor,13252.81,1.5002,135.9057,0,0,72.8231,,,,,,
MACHINE_006,2026-01-22T00:00:00+00:00,motor,13183.4,1.3654,124.9427,0,0,77.8799,,,,,,
MACHINE_006,2026-01-23T00:00:00+00:00,motor,13240.59,1.6059,140.3573,0,0,72.5618,,,,,,
MACHINE_006,2026-01-24T00:00:00+00:00,motor,13176.4,1.7028,140.3866,0,0,73.651,,,,,,
MACHINE_006,2026-01-25T00:00:00+00:00,motor,13200.61,1.5833,130.4525,0,0,77.8256,,,,,,
MACHINE_006,2026-01-26T00:00:00+00:00,motor,13326.33,1.5118,125.487,0,0,73.4276,,,,,,
MACHINE_006,2026-01-27T00:00:00+00:00,motor,13285.07,1.5533,134.5381,0,0,66.5336,,,,,,
MACHINE_006,2026-01-28T00:00:00+00:00,motor,13330.42,1.6349,133.5654,0,0,89.9923,,,,,,
MACHINE_006,2026-01-29T00:00:00+00:00,motor,13374.83,1.5966,128.5673,0,0,68.1523,,,,,,
MACHINE_006,2026-01-30T00:00:00+00:00,motor,13407.25,1.5492,132.1602,0,0,84.3626,,,,,,
MACHINE_006,2026-01-31T00:00:00+00:00,motor,13479.66,1.6873,135.4042,0,0,90.4518,2026-01-30T20:00:00+00:00,planned_inspection,,,,
MACHINE_006,2026-02-01T00:00:00+00:00,motor,13524.5,1.5909,130.9874,0,0,85.5386,,,,,,
MACHINE_006,2026-02-02T00:00:00+00:00,motor,13513.91,1.6374,134.3621,0,0,73.5011,,,,,,
MACHINE_006,2026-02-03T00:00:00+00:00,motor,13461.81,1.789,143.7822,0,0,85.6525,,,,,,
MACHINE_006,2026-02-04T00:00:00+00:00,motor,13375.7,1.5341,131.2992,0,0,108.9167,,,,,,
MACHINE_006,2026-02-05T00:00:00+00:00,motor,13521.44,1.7483,143.6681,0,0,89.0938,,,,,,
MACHINE_006,2026-02-06T00:00:00+00:00,motor,13508.4,1.906,133.433,0,0,86.1235,,,,,,
MACHINE_006,2026-02-07T00:00:00+00:00,motor,13431.08,1.7608,136.0786,0,0,100.5153,,,,,,
MACHINE_006,2026-02-08T00:00:00+00:00,motor,13498.37,1.7898,140.58,0,0,89.4794,,,,,,
MACHINE_006,2026-02-09T00:00:00+00:00,motor,13748.55,1.8858,151.103,0,0,96.0592,,,,,,
MACHINE_006,2026-02-10T00:00:00+00:00,motor,13769.86,1.9058,138.937,0,0,107.4958,,,,,,
MACHINE_006,2026-02-11T00:00:00+00:00,motor,13527.18,1.8274,141.8246,0,0,97.4829,,,,,,
MACHINE_006,2026-02-12T00:00:00+00:00,motor,13582.17,1.7269,136.8175,0,0,103.4273,,,,,,
MACHINE_006,2026-02-13T00:00:00+00:00,motor,13650.62,1.844,139.1477,0,0,119.6429,,,,,,
MACHINE_006,2026-02-14T00:00:00+00:00,motor,13859.68,1.9215,140.7888,0,0,111.1397,,,,,,
MACHINE_006,2026-02-15T00:00:00+00:00,motor,13808.58,1.8676,143.1677,0,0,111.4238,,,,,,
MACHINE_006,2026-02-16T00:00:00+00:00,motor,13716.84,1.9378,150.6768,0,0,112.9256,,,,,,
MACHINE_006,2026-02-17T00:00:00+00:00,motor,13723.73,1.9722,143.3423,0,0,120.6752,,,,,,
MACHINE_006,2026-02-18T00:00:00+00:00,motor,13726.88,2.0,147.4497,0,0,121.2996,,,,,,
MACHINE_006,2026-02-19T00:00:00+00:00,motor,13743.81,2.1075,153.4199,0,0,93.159,,,,,,
MACHINE_006,2026-02-20T00:00:00+00:00,motor,13662.4,2.1388,147.1785,0,0,126.6156,,,,,,
MACHINE_006,2026-02-21T00:00:00+00:00,motor,13914.41,2.1576,149.0328,0,0,121.5613,,,,,,
MACHINE_006,2026-02-22T00:00:00+00:00,motor,14100.15,2.0557,143.3382,1,0,121.5799,,,,,,
MACHINE_006,2026-02-23T00:00:00+00:00,motor,13935.17,2.1101,143.7868,0,0,135.2222,,,,,,
MACHINE_006,2026-02-24T00:00:00+00:00,motor,14083.24,1.9833,145.6608,1,0,120.1687,,,,,,
MACHINE_006,2026-02-25T00:00:00+00:00,motor,13887.12,2.2917,149.6402,0,0,120.037,,,,,,
MACHINE_006,2026-02-26T00:00:00+00:00,motor,14158.12,2.1169,151.8926,0,0,127.6424,,,,,,
MACHINE_006,2026-02-27T00:00:00+00:00,motor,13961.53,2.1662,151.871,0,0,110.4208,,,,,,
MACHINE_006,2026-02-28T00:00:00+00:00,motor,14005.93,2.2507,149.9983,0,0,124.8791,,,,,,
MACHINE_006,2026-03-01T00:00:00+00:00,motor,13921.76,2.2166,146.5178,0,0,149.7353,,,,,,
MACHINE_006,2026-03-02T00:00:00+00:00,motor,14066.56,2.2802,142.1387,0,0,126.6371,2026-03-01T20:00:00+00:00,planned_inspection,,,,
MACHINE_006,2026-03-03T00:00:00+00:00,motor,14268.11,2.2913,147.7239,0,0,140.8135,,,,,,
MACHINE_006,2026-03-04T00:00:00+00:00,motor,13979.25,2.3994,151.0687,0,0,147.1438,,,,,,
MACHINE_006,2026-03-05T00:00:00+00:00,motor,14056.67,2.3909,146.2556,0,0,139.7019,,,,,,
MACHINE_006,2026-03-06T00:00:00+00:00,motor,14356.53,2.3578,159.5026,0,0,151.4853,,,,,,
MACHINE_006,2026-03-07T00:00:00+00:00,motor,14028.82,2.3344,152.3246,0,0,128.5578,,,,,,
MACHINE_006,2026-03-08T00:00:00+00:00,motor,14241.53,2.47,147.224,1,0,138.7704,,,,,,
MACHINE_006,2026-03-09T00:00:00+00:00,motor,14384.13,2.417,155.5547,0,0,155.1861,,,,,,
MACHINE_006,2026-03-10T00:00:00+00:00,motor,14416.77,2.4502,148.6332,1,0,147.2272,,,,,,
MACHINE_006,2026-03-11T00:00:00+00:00,motor,14304.14,2.2916,149.0643,1,0,146.8423,,,,,,
MACHINE_006,2026-03-12T00:00:00+00:00,motor,14230.69,2.5233,150.5689,1,0,144.5395,,,,,,
MACHINE_006,2026-03-13T00:00:00+00:00,motor,14067.82,2.5545,149.5429,0,0,144.8973,,,,,,
MACHINE_006,2026-03-14T00:00:00+00:00,motor,14275.62,2.3738,146.8496,1,0,142.2769,,,,,,
MACHINE_006,2026-03-15T00:00:00+00:00,motor,14541.62,2.3517,151.1948,0,0,159.0549,,,,,,
MACHINE_006,2026-03-16T00:00:00+00:00,motor,14172.87,2.6528,151.5613,0,0,166.5692,,,,,,
MACHINE_006,2026-03-17T00:00:00+00:00,motor,14502.84,2.4961,154.0679,1,0,167.3021,,,,,,
MACHINE_006,2026-03-18T00:00:00+00:00,motor,14650.45,2.5568,155.438,0,0,153.5276,,,,,,
MACHINE_006,2026-03-19T00:00:00+00:00,motor,14672.37,2.6714,160.2959,0,0,153.3894,,,,,,
MACHINE_006,2026-03-20T00:00:00+00:00,motor,14596.76,2.5534,158.2097,1,0,147.2794,,,,,,
MACHINE_006,2026-03-21T00:00:00+00:00,motor,14578.25,2.736,155.6183,1,0,153.2814,,,,,,
MACHINE_006,2026-03-22T00:00:00+00:00,motor,14334.89,2.8316,152.4033,0,0,172.7282,,,,,,
MACHINE_006,2026-03-23T00:00:00+00:00,motor,14539.96,2.6586,154.6781,1,0,151.8013,,,,,,
MACHINE_006,2026-03-24T00:00:00+00:00,motor,14711.97,2.7162,153.3774,0,0,159.2773,,,,,,
MACHINE_006,2026-03-25T00:00:00+00:00,motor,14245.8,2.6664,158.2747,1,0,161.4818,,,,,,
MACHINE_006,2026-03-26T00:00:00+00:00,motor,14571.15,2.6678,160.9527,1,0,160.9962,,,,,,
MACHINE_006,2026-03-27T00:00:00+00:00,motor,14343.31,2.7211,160.0393,1,0,172.1711,,,,,,
MACHINE_006,2026-03-28T00:00:00+00:00,motor,14836.54,2.7965,163.8977,1,0,178.4853,,,,,,
MACHINE_006,2026-03-29T00:00:00+00:00,motor,14472.81,2.6614,159.9198,0,0,167.5757,,,,,,
MACHINE_006,2026-03-30T00:00:00+00:00,motor,14895.45,2.6474,154.626,0,0,170.7846,,,,,,
MACHINE_006,2026-03-31T00:00:00+00:00,motor,14816.78,2.9322,163.9503,1,0,174.3186,,,,,,
MACHINE_007,2026-01-01T00:00:00+00:00,pump,13500.0,2.0027,148.4232,0,0,127.1251,,,2026-03-17T02:00:00+00:00,synthetic_degradation_failure,360,9000
MACHINE_007,2026-01-02T00:00:00+00:00,pump,13525.1,2.1437,134.0245,0,0,125.3273,,,2026-03-17T02:00:00+00:00,synthetic_degradation_failure,360,9000
MACHINE_007,2026-01-03T00:00:00+00:00,pump,13544.22,2.1882,145.5604,0,0,126.4913,,,2026-03-17T02:00:00+00:00,synthetic_degradation_failure,360,9000
MACHINE_007,2026-01-04T00:00:00+00:00,pump,13569.31,2.1609,146.8961,0,0,118.4894,,,2026-03-17T02:00:00+00:00,synthetic_degradation_failure,360,9000
MACHINE_007,2026-01-05T00:00:00+00:00,pump,13589.25,2.2749,139.6988,0,0,124.9404,,,2026-03-17T02:00:00+00:00,synthetic_degradation_failure,360,9000
MACHINE_007,2026-01-06T00:00:00+00:00,pump,13619.59,2.1193,146.3479,0,0,119.5944,,,2026-03-17T02:00:00+00:00,synthetic_degradation_failure,360,9000
MACHINE_007,2026-01-07T00:00:00+00:00,pump,13624.96,2.1076,154.3247,0,0,133.4267,,,2026-03-17T02:00:00+00:00,synthetic_degradation_failure,360,9000
MACHINE_007,2026-01-08T00:00:00+00:00,pump,13629.43,2.1562,146.8633,0,0,149.0483,,,2026-03-17T02:00:00+00:00,synthetic_degradation_failure,360,9000
MACHINE_007,2026-01-09T00:00:00+00:00,pump,13690.79,2.3035,144.8667,0,0,146.7671,,,2026-03-17T02:00:00+00:00,synthetic_degradation_failure,360,9000
MACHINE_007,2026-01-10T00:00:00+00:00,pump,13664.88,2.3554,146.7022,0,0,145.5141,,,2026-03-17T02:00:00+00:00,synthetic_degradation_failure,360,9000
MACHINE_007,2026-01-11T00:00:00+00:00,pump,13714.77,2.2602,142.4943,0,0,150.251,,,2026-03-17T02:00:00+00:00,synthetic_degradation_failure,360,9000
MACHINE_007,2026-01-12T00:00:00+00:00,pump,13782.12,2.3628,150.6857,0,0,149.6251,,,2026-03-17T02:00:00+00:00,synthetic_degradation_failure,360,9000
MACHINE_007,2026-01-13T00:00:00+00:00,pump,13794.0,2.2024,147.6143,0,0,136.9297,,,2026-03-17T02:00:00+00:00,synthetic_degradation_failure,360,9000
MACHINE_007,2026-01-14T00:00:00+00:00,pump,13819.95,2.206,157.1479,0,0,151.4932,,,2026-03-17T02:00:00+00:00,synthetic_degradation_failure,360,9000
MACHINE_007,2026-01-15T00:00:00+00:00,pump,13793.63,2.4178,149.5488,0,0,140.963,,,2026-03-17T02:00:00+00:00,synthetic_degradation_failure,360,9000
MACHINE_007,2026-01-16T00:00:00+00:00,pump,13799.44,2.4362,149.0598,0,0,136.5744,,,2026-03-17T02:00:00+00:00,synthetic_degradation_failure,360,9000
MACHINE_007,2026-01-17T00:00:00+00:00,pump,13886.24,2.3588,153.3083,0,0,151.9752,,,2026-03-17T02:00:00+00:00,synthetic_degradation_failure,360,9000
MACHINE_007,2026-01-18T00:00:00+00:00,pump,13849.63,2.4326,151.4671,0,0,145.0772,,,2026-03-17T02:00:00+00:00,synthetic_degradation_failure,360,9000
MACHINE_007,2026-01-19T00:00:00+00:00,pump,13931.68,2.443,148.9385,0,0,162.0201,,,2026-03-17T02:00:00+00:00,synthetic_degradation_failure,360,9000
MACHINE_007,2026-01-20T00:00:00+00:00,pump,13857.85,2.4259,154.7119,0,0,158.1945,,,2026-03-17T02:00:00+00:00,synthetic_degradation_failure,360,9000
MACHINE_007,2026-01-21T00:00:00+00:00,pump,14008.91,2.4709,156.7387,0,0,144.0862,,,2026-03-17T02:00:00+00:00,synthetic_degradation_failure,360,9000
MACHINE_007,2026-01-22T00:00:00+00:00,pump,13919.92,2.5204,160.1529,0,0,158.1331,,,2026-03-17T02:00:00+00:00,synthetic_degradation_failure,360,9000
MACHINE_007,2026-01-23T00:00:00+00:00,pump,13989.11,2.4861,151.0999,0,0,152.5891,,,2026-03-17T02:00:00+00:00,synthetic_degradation_failure,360,9000
MACHINE_007,2026-01-24T00:00:00+00:00,pump,13974.55,2.5523,151.8851,0,0,166.0374,,,2026-03-17T02:00:00+00:00,synthetic_degradation_failure,360,9000
MACHINE_007,2026-01-25T00:00:00+00:00,pump,13952.8,2.6392,148.2521,0,0,166.4429,,,2026-03-17T02:00:00+00:00,synthetic_degradation_failure,360,9000
MACHINE_007,2026-01-26T00:00:00+00:00,pump,14072.06,2.5924,154.3389,0,0,180.3725,,,2026-03-17T02:00:00+00:00,synthetic_degradation_failure,360,9000
MACHINE_007,2026-01-27T00:00:00+00:00,pump,14097.6,2.8112,151.5319,0,0,172.277,,,2026-03-17T02:00:00+00:00,synthetic_degradation_failure,360,9000
MACHINE_007,2026-01-28T00:00:00+00:00,pump,14201.37,2.6712,155.1516,0,0,166.3232,,,2026-03-17T02:00:00+00:00,synthetic_degradation_failure,360,9000
MACHINE_007,2026-01-29T00:00:00+00:00,pump,14210.72,2.6577,155.2991,0,0,171.2648,,,2026-03-17T02:00:00+00:00,synthetic_degradation_failure,360,9000
MACHINE_007,2026-01-30T00:00:00+00:00,pump,14178.26,2.6185,152.1784,0,0,160.6971,,,2026-03-17T02:00:00+00:00,synthetic_degradation_failure,360,9000
MACHINE_007,2026-01-31T00:00:00+00:00,pump,14048.27,2.7698,156.1279,0,0,182.0345,2026-01-30T20:00:00+00:00,planned_inspection,2026-03-17T02:00:00+00:00,synthetic_degradation_failure,360,9000
MACHINE_007,2026-02-01T00:00:00+00:00,pump,14225.19,2.646,163.4388,0,0,171.0559,,,2026-03-17T02:00:00+00:00,synthetic_degradation_failure,360,9000
MACHINE_007,2026-02-02T00:00:00+00:00,pump,14169.49,2.6605,151.6516,0,0,163.4046,,,2026-03-17T02:00:00+00:00,synthetic_degradation_failure,360,9000
MACHINE_007,2026-02-03T00:00:00+00:00,pump,14326.82,2.6648,152.8855,0,0,187.9762,,,2026-03-17T02:00:00+00:00,synthetic_degradation_failure,360,9000
MACHINE_007,2026-02-04T00:00:00+00:00,pump,14178.54,2.8175,150.9297,0,0,163.3914,,,2026-03-17T02:00:00+00:00,synthetic_degradation_failure,360,9000
MACHINE_007,2026-02-05T00:00:00+00:00,pump,14177.22,2.8011,149.7215,0,0,170.2001,,,2026-03-17T02:00:00+00:00,synthetic_degradation_failure,360,9000
MACHINE_007,2026-02-06T00:00:00+00:00,pump,14423.82,2.8434,160.304,0,0,184.5403,,,2026-03-17T02:00:00+00:00,synthetic_degradation_failure,360,9000
MACHINE_007,2026-02-07T00:00:00+00:00,pump,14436.36,2.8316,160.6845,0,0,179.8774,,,2026-03-17T02:00:00+00:00,synthetic_degradation_failure,360,9000
MACHINE_007,2026-02-08T00:00:00+00:00,pump,14259.38,2.8251,156.5893,0,0,178.9652,,,2026-03-17T02:00:00+00:00,synthetic_degradation_failure,360,9000
MACHINE_007,2026-02-09T00:00:00+00:00,pump,14386.76,2.8207,157.5957,0,0,169.2458,,,2026-03-17T02:00:00+00:00,synthetic_degradation_failure,360,9000
MACHINE_007,2026-02-10T00:00:00+00:00,pump,14403.63,2.898,157.1861,0,0,177.1897,,,2026-03-17T02:00:00+00:00,synthetic_degradation_failure,360,9000
MACHINE_007,2026-02-11T00:00:00+00:00,pump,14543.23,2.9934,158.8778,0,0,184.6505,,,2026-03-17T02:00:00+00:00,synthetic_degradation_failure,360,9000
MACHINE_007,2026-02-12T00:00:00+00:00,pump,14496.62,2.9333,156.6186,0,0,180.8332,,,2026-03-17T02:00:00+00:00,synthetic_degradation_failure,360,9000
MACHINE_007,2026-02-13T00:00:00+00:00,pump,14482.55,2.9516,152.8638,0,0,206.5735,,,2026-03-17T02:00:00+00:00,synthetic_degradation_failure,360,9000
MACHINE_007,2026-02-14T00:00:00+00:00,pump,14348.44,3.1182,158.1138,1,0,181.352,,,2026-03-17T02:00:00+00:00,synthetic_degradation_failure,360,9000
MACHINE_007,2026-02-15T00:00:00+00:00,pump,14507.62,2.8899,160.0039,0,0,199.002,,,2026-03-17T02:00:00+00:00,synthetic_degradation_failure,360,9000
MACHINE_007,2026-02-16T00:00:00+00:00,pump,14688.36,3.0339,157.5689,0,0,183.9997,,,2026-03-17T02:00:00+00:00,synthetic_degradation_failure,360,9000
MACHINE_007,2026-02-17T00:00:00+00:00,pump,14626.37,3.126,167.585,0,1,165.51,,,2026-03-17T02:00:00+00:00,synthetic_degradation_failure,360,9000
MACHINE_007,2026-02-18T00:00:00+00:00,pump,14394.53,3.1654,162.1434,0,0,210.7764,,,2026-03-17T02:00:00+00:00,synthetic_degradation_failure,360,9000
MACHINE_007,2026-02-19T00:00:00+00:00,pump,14655.69,3.0737,162.9637,0,0,198.0658,,,2026-03-17T02:00:00+00:00,synthetic_degradation_failure,360,9000
MACHINE_007,2026-02-20T00:00:00+00:00,pump,14530.47,3.1255,167.4303,1,1,185.5419,,,2026-03-17T02:00:00+00:00,synthetic_degradation_failure,360,9000
MACHINE_007,2026-02-21T00:00:00+00:00,pump,14546.18,3.0881,154.8507,0,0,188.5019,,,2026-03-17T02:00:00+00:00,synthetic_degradation_failure,360,9000
MACHINE_007,2026-02-22T00:00:00+00:00,pump,14593.24,3.1408,166.0414,1,1,187.4367,,,2026-03-17T02:00:00+00:00,synthetic_degradation_failure,360,9000
MACHINE_007,2026-02-23T00:00:00+00:00,pump,14871.79,3.1761,162.7477,1,0,185.5725,,,2026-03-17T02:00:00+00:00,synthetic_degradation_failure,360,9000
MACHINE_007,2026-02-24T00:00:00+00:00,pump,14746.55,3.1172,174.2073,1,1,213.297,,,2026-03-17T02:00:00+00:00,synthetic_degradation_failure,360,9000
MACHINE_007,2026-02-25T00:00:00+00:00,pump,14819.79,3.1893,164.1345,1,0,207.6409,,,2026-03-17T02:00:00+00:00,synthetic_degradation_failure,360,9000
MACHINE_007,2026-02-26T00:00:00+00:00,pump,14619.41,3.1041,163.7225,1,0,199.8043,,,2026-03-17T02:00:00+00:00,synthetic_degradation_failure,360,9000
MACHINE_007,2026-02-27T00:00:00+00:00,pump,14806.26,3.2245,173.4293,1,1,209.9426,,,2026-03-17T02:00:00+00:00,synthetic_degradation_failure,360,9000
MACHINE_007,2026-02-28T00:00:00+00:00,pump,14821.37,3.2159,168.4794,1,1,211.014,,,2026-03-17T02:00:00+00:00,synthetic_degradation_failure,360,9000
MACHINE_007,2026-03-01T00:00:00+00:00,pump,14772.53,3.323,174.5358,1,1,234.1409,,,2026-03-17T02:00:00+00:00,synthetic_degradation_failure,360,9000
MACHINE_007,2026-03-02T00:00:00+00:00,pump,14587.8,3.2304,163.5748,1,0,219.8776,2026-03-01T20:00:00+00:00,planned_inspection,2026-03-17T02:00:00+00:00,synthetic_degradation_failure,360,9000
MACHINE_007,2026-03-03T00:00:00+00:00,pump,15040.52,3.4116,171.5547,1,1,197.6492,,,2026-03-17T02:00:00+00:00,synthetic_degradation_failure,360,9000
MACHINE_007,2026-03-04T00:00:00+00:00,pump,14726.09,3.2947,161.2981,1,0,211.868,,,2026-03-17T02:00:00+00:00,synthetic_degradation_failure,360,9000
MACHINE_007,2026-03-05T00:00:00+00:00,pump,14793.4,3.5405,168.1687,1,1,217.2031,,,2026-03-17T02:00:00+00:00,synthetic_degradation_failure,360,9000
MACHINE_007,2026-03-06T00:00:00+00:00,pump,15099.91,3.3264,167.4468,1,1,221.2473,,,2026-03-17T02:00:00+00:00,synthetic_degradation_failure,360,9000
MACHINE_007,2026-03-07T00:00:00+00:00,pump,14694.69,3.3492,162.1806,0,0,233.9177,,,2026-03-17T02:00:00+00:00,synthetic_degradation_failure,360,9000
MACHINE_007,2026-03-08T00:00:00+00:00,pump,14791.18,3.3507,170.0667,1,1,227.7071,,,2026-03-17T02:00:00+00:00,synthetic_degradation_failure,360,9000
MACHINE_007,2026-03-09T00:00:00+00:00,pump,14883.67,3.3644,172.2291,1,1,227.5128,,,2026-03-17T02:00:00+00:00,synthetic_degradation_failure,360,9000
MACHINE_007,2026-03-10T00:00:00+00:00,pump,14862.82,3.4803,175.8925,1,1,224.6298,,,2026-03-17T02:00:00+00:00,synthetic_degradation_failure,360,9000
MACHINE_007,2026-03-11T00:00:00+00:00,pump,14830.04,3.4049,171.627,1,1,223.4928,,,2026-03-17T02:00:00+00:00,synthetic_degradation_failure,360,9000
MACHINE_007,2026-03-12T00:00:00+00:00,pump,14946.13,3.4523,173.1073,1,1,230.9806,,,2026-03-17T02:00:00+00:00,synthetic_degradation_failure,360,9000
MACHINE_007,2026-03-13T00:00:00+00:00,pump,15085.71,3.5828,178.3871,1,1,218.2296,,,2026-03-17T02:00:00+00:00,synthetic_degradation_failure,360,9000
MACHINE_007,2026-03-14T00:00:00+00:00,pump,15315.04,3.5256,171.277,1,1,224.5995,,,2026-03-17T02:00:00+00:00,synthetic_degradation_failure,360,9000
MACHINE_007,2026-03-15T00:00:00+00:00,pump,15306.35,3.498,172.2074,1,1,232.4533,,,2026-03-17T02:00:00+00:00,synthetic_degradation_failure,360,9000
MACHINE_007,2026-03-16T00:00:00+00:00,pump,14934.43,3.5854,172.6992,1,1,234.4702,,,2026-03-17T02:00:00+00:00,synthetic_degradation_failure,360,9000
MACHINE_007,2026-03-17T00:00:00+00:00,pump,15291.05,3.7578,170.8671,1,1,235.4273,,,2026-03-17T02:00:00+00:00,synthetic_degradation_failure,360,9000
MACHINE_007,2026-03-18T00:00:00+00:00,pump,15231.91,3.6734,179.7078,1,1,234.7049,,,2026-03-17T02:00:00+00:00,synthetic_degradation_failure,360,9000
MACHINE_007,2026-03-19T00:00:00+00:00,pump,14929.26,3.531,179.2183,1,1,225.1506,,,2026-03-17T02:00:00+00:00,synthetic_degradation_failure,360,9000
MACHINE_007,2026-03-20T00:00:00+00:00,pump,15505.77,3.6099,173.5318,1,1,226.0658,,,2026-03-17T02:00:00+00:00,synthetic_degradation_failure,360,9000
MACHINE_007,2026-03-21T00:00:00+00:00,pump,14982.79,3.684,179.6816,1,1,232.4769,,,2026-03-17T02:00:00+00:00,synthetic_degradation_failure,360,9000
MACHINE_007,2026-03-22T00:00:00+00:00,pump,15370.07,3.629,183.4977,1,1,253.8568,,,2026-03-17T02:00:00+00:00,synthetic_degradation_failure,360,9000
MACHINE_007,2026-03-23T00:00:00+00:00,pump,15519.82,3.8728,178.947,1,1,236.7941,,,2026-03-17T02:00:00+00:00,synthetic_degradation_failure,360,9000
MACHINE_007,2026-03-24T00:00:00+00:00,pump,15144.81,3.8159,176.6877,1,1,251.0444,,,2026-03-17T02:00:00+00:00,synthetic_degradation_failure,360,9000
MACHINE_007,2026-03-25T00:00:00+00:00,pump,15476.74,3.6482,174.1076,1,1,257.0602,,,2026-03-17T02:00:00+00:00,synthetic_degradation_failure,360,9000
MACHINE_007,2026-03-26T00:00:00+00:00,pump,15030.05,3.8341,178.8975,1,1,239.6823,,,2026-03-17T02:00:00+00:00,synthetic_degradation_failure,360,9000
MACHINE_007,2026-03-27T00:00:00+00:00,pump,15407.41,3.7258,173.1423,1,1,249.6493,,,2026-03-17T02:00:00+00:00,synthetic_degradation_failure,360,9000
MACHINE_007,2026-03-28T00:00:00+00:00,pump,15682.84,3.8554,179.4967,1,1,248.8118,,,2026-03-17T02:00:00+00:00,synthetic_degradation_failure,360,9000
MACHINE_007,2026-03-29T00:00:00+00:00,pump,15068.52,3.7736,180.3939,1,1,243.9863,,,2026-03-17T02:00:00+00:00,synthetic_degradation_failure,360,9000
MACHINE_007,2026-03-30T00:00:00+00:00,pump,15577.69,3.8018,177.1979,1,1,264.7853,,,2026-03-17T02:00:00+00:00,synthetic_degradation_failure,360,9000
MACHINE_007,2026-03-31T00:00:00+00:00,pump,15111.25,3.9147,187.5816,1,1,283.8896,,,2026-03-17T02:00:00+00:00,synthetic_degradation_failure,360,9000
MACHINE_008,2026-01-01T00:00:00+00:00,compressor,14250.0,2.4704,155.8533,0,0,164.5033,,,2026-02-05T07:00:00+00:00,synthetic_degradation_failure,360,9000
MACHINE_008,2026-01-02T00:00:00+00:00,compressor,14271.87,2.4822,149.2638,0,0,146.8403,,,2026-02-05T07:00:00+00:00,synthetic_degradation_failure,360,9000
MACHINE_008,2026-01-03T00:00:00+00:00,compressor,14288.63,2.4185,163.9757,0,0,135.0551,,,2026-02-05T07:00:00+00:00,synthetic_degradation_failure,360,9000
MACHINE_008,2026-01-04T00:00:00+00:00,compressor,14311.73,2.4965,155.8642,0,0,157.8356,,,2026-02-05T07:00:00+00:00,synthetic_degradation_failure,360,9000
MACHINE_008,2026-01-05T00:00:00+00:00,compressor,14325.67,2.5478,150.5622,0,0,143.3368,,,2026-02-05T07:00:00+00:00,synthetic_degradation_failure,360,9000
MACHINE_008,2026-01-06T00:00:00+00:00,compressor,14358.9,2.6257,157.2098,1,0,154.3515,,,2026-02-05T07:00:00+00:00,synthetic_degradation_failure,360,9000
MACHINE_008,2026-01-07T00:00:00+00:00,compressor,14359.79,2.4197,158.2966,0,0,161.6739,,,2026-02-05T07:00:00+00:00,synthetic_degradation_failure,360,9000
MACHINE_008,2026-01-08T00:00:00+00:00,compressor,14378.41,2.5016,149.2409,0,0,162.4964,,,2026-02-05T07:00:00+00:00,synthetic_degradation_failure,360,9000
MACHINE_008,2026-01-09T00:00:00+00:00,compressor,14415.68,2.4911,151.6976,0,0,154.7186,,,2026-02-05T07:00:00+00:00,synthetic_degradation_failure,360,9000
MACHINE_008,2026-01-10T00:00:00+00:00,compressor,14422.09,2.5068,152.7235,0,0,147.9302,,,2026-02-05T07:00:00+00:00,synthetic_degradation_failure,360,9000
MACHINE_008,2026-01-11T00:00:00+00:00,compressor,14486.33,2.7253,151.1926,0,0,171.4281,,,2026-02-05T07:00:00+00:00,synthetic_degradation_failure,360,9000
MACHINE_008,2026-01-12T00:00:00+00:00,compressor,14457.26,2.6147,161.4426,0,0,173.67,,,2026-02-05T07:00:00+00:00,synthetic_degradation_failure,360,9000
MACHINE_008,2026-01-13T00:00:00+00:00,compressor,14484.31,2.6532,159.0963,1,0,174.2783,,,2026-02-05T07:00:00+00:00,synthetic_degradation_failure,360,9000
MACHINE_008,2026-01-14T00:00:00+00:00,compressor,14529.07,2.7039,157.3204,1,0,155.2621,,,2026-02-05T07:00:00+00:00,synthetic_degradation_failure,360,9000
MACHINE_008,2026-01-15T00:00:00+00:00,compressor,14556.54,2.7579,152.6876,1,0,189.2993,,,2026-02-05T07:00:00+00:00,synthetic_degradation_failure,360,9000
MACHINE_008,2026-01-16T00:00:00+00:00,compressor,14523.18,2.8547,158.6857,0,0,149.9616,,,2026-02-05T07:00:00+00:00,synthetic_degradation_failure,360,9000
MACHINE_008,2026-01-17T00:00:00+00:00,compressor,14545.92,2.7132,155.0748,1,0,176.0031,,,2026-02-05T07:00:00+00:00,synthetic_degradation_failure,360,9000
MACHINE_008,2026-01-18T00:00:00+00:00,compressor,14683.42,2.7447,165.1615,0,1,179.9893,,,2026-02-05T07:00:00+00:00,synthetic_degradation_failure,360,9000
MACHINE_008,2026-01-19T00:00:00+00:00,compressor,14680.19,2.8442,163.9002,1,0,181.8277,,,2026-02-05T07:00:00+00:00,synthetic_degradation_failure,360,9000
MACHINE_008,2026-01-20T00:00:00+00:00,compressor,14657.97,2.9097,156.489,1,0,176.763,,,2026-02-05T07:00:00+00:00,synthetic_degradation_failure,360,9000
MACHINE_008,2026-01-21T00:00:00+00:00,compressor,14675.04,2.8675,156.9134,0,0,184.3485,,,2026-02-05T07:00:00+00:00,synthetic_degradation_failure,360,9000
MACHINE_008,2026-01-22T00:00:00+00:00,compressor,14674.2,2.9525,160.4986,0,0,186.7307,,,2026-02-05T07:00:00+00:00,synthetic_degradation_failure,360,9000
MACHINE_008,2026-01-23T00:00:00+00:00,compressor,14738.34,2.9079,158.4766,1,0,169.7482,,,2026-02-05T07:00:00+00:00,synthetic_degradation_failure,360,9000
MACHINE_008,2026-01-24T00:00:00+00:00,compressor,14815.21,2.9092,157.0866,1,0,196.0774,,,2026-02-05T07:00:00+00:00,synthetic_degradation_failure,360,9000
MACHINE_008,2026-01-25T00:00:00+00:00,compressor,14834.74,2.9522,150.8465,1,0,178.2724,,,2026-02-05T07:00:00+00:00,synthetic_degradation_failure,360,9000
MACHINE_008,2026-01-26T00:00:00+00:00,compressor,14723.22,3.0271,160.9281,1,0,179.0753,,,2026-02-05T07:00:00+00:00,synthetic_degradation_failure,360,9000
MACHINE_008,2026-01-27T00:00:00+00:00,compressor,14834.6,2.87,166.4664,0,1,176.6285,,,2026-02-05T07:00:00+00:00,synthetic_degradation_failure,360,9000
MACHINE_008,2026-01-28T00:00:00+00:00,compressor,14810.78,3.1201,166.0853,1,1,198.7812,,,2026-02-05T07:00:00+00:00,synthetic_degradation_failure,360,9000
MACHINE_008,2026-01-29T00:00:00+00:00,compressor,14909.47,3.0813,157.9643,1,0,183.1192,,,2026-02-05T07:00:00+00:00,synthetic_degradation_failure,360,9000
MACHINE_008,2026-01-30T00:00:00+00:00,compressor,14780.42,3.0032,164.898,1,0,194.1645,,,2026-02-05T07:00:00+00:00,synthetic_degradation_failure,360,9000
MACHINE_008,2026-01-31T00:00:00+00:00,compressor,14792.43,3.0902,165.9464,1,1,185.6556,2026-01-30T20:00:00+00:00,planned_inspection,2026-02-05T07:00:00+00:00,synthetic_degradation_failure,360,9000
MACHINE_008,2026-02-01T00:00:00+00:00,compressor,15022.84,3.1046,172.8136,1,1,201.2738,,,2026-02-05T07:00:00+00:00,synthetic_degradation_failure,360,9000
MACHINE_008,2026-02-02T00:00:00+00:00,compressor,14966.54,3.1219,166.8939,1,1,182.8687,,,2026-02-05T07:00:00+00:00,synthetic_degradation_failure,360,9000
MACHINE_008,2026-02-03T00:00:00+00:00,compressor,15028.44,3.0601,167.9347,1,1,195.785,,,2026-02-05T07:00:00+00:00,synthetic_degradation_failure,360,9000
MACHINE_008,2026-02-04T00:00:00+00:00,compressor,14882.34,3.1896,165.0862,1,1,207.2,,,2026-02-05T07:00:00+00:00,synthetic_degradation_failure,360,9000
MACHINE_008,2026-02-05T00:00:00+00:00,compressor,15113.64,3.0121,164.8694,1,0,205.08,,,2026-02-05T07:00:00+00:00,synthetic_degradation_failure,360,9000
MACHINE_008,2026-02-06T00:00:00+00:00,compressor,15046.58,3.1833,168.8519,1,1,191.9976,,,2026-02-05T07:00:00+00:00,synthetic_degradation_failure,360,9000
MACHINE_008,2026-02-07T00:00:00+00:00,compressor,14955.66,3.1821,166.7611,0,1,196.2057,,,2026-02-05T07:00:00+00:00,synthetic_degradation_failure,360,9000
MACHINE_008,2026-02-08T00:00:00+00:00,compressor,15122.49,3.1781,166.3014,1,1,190.8354,,,2026-02-05T07:00:00+00:00,synthetic_degradation_failure,360,9000
MACHINE_008,2026-02-09T00:00:00+00:00,compressor,15058.79,3.1927,170.734,1,1,210.8907,,,2026-02-05T07:00:00+00:00,synthetic_degradation_failure,360,9000
MACHINE_008,2026-02-10T00:00:00+00:00,compressor,14997.64,3.222,169.093,1,1,209.9069,,,2026-02-05T07:00:00+00:00,synthetic_degradation_failure,360,9000
MACHINE_008,2026-02-11T00:00:00+00:00,compressor,15170.89,3.2658,170.1366,1,1,197.9012,,,2026-02-05T07:00:00+00:00,synthetic_degradation_failure,360,9000
MACHINE_008,2026-02-12T00:00:00+00:00,compressor,15114.31,3.0643,166.3584,1,1,197.2069,,,2026-02-05T07:00:00+00:00,synthetic_degradation_failure,360,9000
MACHINE_008,2026-02-13T00:00:00+00:00,compressor,15037.91,3.2961,160.1962,1,0,199.564,,,2026-02-05T07:00:00+00:00,synthetic_degradation_failure,360,9000
MACHINE_008,2026-02-14T00:00:00+00:00,compressor,15308.3,3.218,169.742,1,1,213.3227,,,2026-02-05T07:00:00+00:00,synthetic_degradation_failure,360,9000
MACHINE_008,2026-02-15T00:00:00+00:00,compressor,15060.36,3.3202,163.8658,1,0,205.8972,,,2026-02-05T07:00:00+00:00,synthetic_degradation_failure,360,9000
MACHINE_008,2026-02-16T00:00:00+00:00,compressor,15410.05,3.3119,172.9006,1,1,203.5304,,,2026-02-05T07:00:00+00:00,synthetic_degradation_failure,360,9000
MACHINE_008,2026-02-17T00:00:00+00:00,compressor,15098.53,3.3986,172.0882,1,1,207.9359,,,2026-02-05T07:00:00+00:00,synthetic_degradation_failure,360,9000
MACHINE_008,2026-02-18T00:00:00+00:00,compressor,15229.68,3.4347,171.0839,1,1,200.5769,,,2026-02-05T07:00:00+00:00,synthetic_degradation_failure,360,9000
MACHINE_008,2026-02-19T00:00:00+00:00,compressor,15348.51,3.3347,164.66,1,0,207.043,,,2026-02-05T07:00:00+00:00,synthetic_degradation_failure,360,9000
MACHINE_008,2026-02-20T00:00:00+00:00,compressor,15513.62,3.4887,168.3398,1,1,200.3759,,,2026-02-05T07:00:00+00:00,synthetic_degradation_failure,360,9000
MACHINE_008,2026-02-21T00:00:00+00:00,compressor,15510.04,3.4925,175.644,1,1,230.9213,,,2026-02-05T07:00:00+00:00,synthetic_degradation_failure,360,9000
MACHINE_008,2026-02-22T00:00:00+00:00,compressor,15393.32,3.3808,175.5717,1,1,226.7815,,,2026-02-05T07:00:00+00:00,synthetic_degradation_failure,360,9000
MACHINE_008,2026-02-23T00:00:00+00:00,compressor,15258.75,3.3769,172.9606,1,1,203.0672,,,2026-02-05T07:00:00+00:00,synthetic_degradation_failure,360,9000
MACHINE_008,2026-02-24T00:00:00+00:00,compressor,15591.02,3.4919,169.0875,1,1,225.8874,,,2026-02-05T07:00:00+00:00,synthetic_degradation_failure,360,9000
MACHINE_008,2026-02-25T00:00:00+00:00,compressor,15556.0,3.5515,178.8133,1,1,225.0272,,,2026-02-05T07:00:00+00:00,synthetic_degradation_failure,360,9000
MACHINE_008,2026-02-26T00:00:00+00:00,compressor,15382.58,3.4823,185.5464,1,1,231.4333,,,2026-02-05T07:00:00+00:00,synthetic_degradation_failure,360,9000
MACHINE_008,2026-02-27T00:00:00+00:00,compressor,15695.02,3.7307,177.8476,1,1,243.1041,,,2026-02-05T07:00:00+00:00,synthetic_degradation_failure,360,9000
MACHINE_008,2026-02-28T00:00:00+00:00,compressor,15649.13,3.6092,169.9494,1,1,224.0001,,,2026-02-05T07:00:00+00:00,synthetic_degradation_failure,360,9000
MACHINE_008,2026-03-01T00:00:00+00:00,compressor,15550.82,3.5979,183.1554,1,1,232.4235,,,2026-02-05T07:00:00+00:00,synthetic_degradation_failure,360,9000
MACHINE_008,2026-03-02T00:00:00+00:00,compressor,15562.5,3.6107,180.2682,1,1,229.1894,2026-03-01T20:00:00+00:00,planned_inspection,2026-02-05T07:00:00+00:00,synthetic_degradation_failure,360,9000
MACHINE_008,2026-03-03T00:00:00+00:00,compressor,15692.1,3.6175,176.0821,1,1,241.8891,,,2026-02-05T07:00:00+00:00,synthetic_degradation_failure,360,9000
MACHINE_008,2026-03-04T00:00:00+00:00,compressor,15516.58,3.7383,182.4692,1,1,238.6549,,,2026-02-05T07:00:00+00:00,synthetic_degradation_failure,360,9000
MACHINE_008,2026-03-05T00:00:00+00:00,compressor,15550.33,3.6824,180.0997,1,1,223.6097,,,2026-02-05T07:00:00+00:00,synthetic_degradation_failure,360,9000
MACHINE_008,2026-03-06T00:00:00+00:00,compressor,15838.21,3.6101,179.3656,1,1,252.8051,,,2026-02-05T07:00:00+00:00,synthetic_degradation_failure,360,9000
MACHINE_008,2026-03-07T00:00:00+00:00,compressor,15572.08,3.8543,181.5343,1,1,237.593,,,2026-02-05T07:00:00+00:00,synthetic_degradation_failure,360,9000
MACHINE_008,2026-03-08T00:00:00+00:00,compressor,15709.56,3.8046,172.9412,1,1,220.6944,,,2026-02-05T07:00:00+00:00,synthetic_degradation_failure,360,9000
MACHINE_008,2026-03-09T00:00:00+00:00,compressor,15977.71,3.8716,178.64,1,1,252.4074,,,2026-02-05T07:00:00+00:00,synthetic_degradation_failure,360,9000
MACHINE_008,2026-03-10T00:00:00+00:00,compressor,15640.89,3.9054,182.4527,1,1,252.2874,,,2026-02-05T07:00:00+00:00,synthetic_degradation_failure,360,9000
MACHINE_008,2026-03-11T00:00:00+00:00,compressor,15669.92,3.8277,178.3952,1,1,236.8497,,,2026-02-05T07:00:00+00:00,synthetic_degradation_failure,360,9000
MACHINE_008,2026-03-12T00:00:00+00:00,compressor,15551.28,3.8599,185.4964,1,1,257.882,,,2026-02-05T07:00:00+00:00,synthetic_degradation_failure,360,9000
MACHINE_008,2026-03-13T00:00:00+00:00,compressor,16047.8,3.8421,182.5008,1,1,262.513,,,2026-02-05T07:00:00+00:00,synthetic_degradation_failure,360,9000
MACHINE_008,2026-03-14T00:00:00+00:00,compressor,15714.53,3.7853,181.157,1,1,248.9238,,,2026-02-05T07:00:00+00:00,synthetic_degradation_failure,360,9000
MACHINE_008,2026-03-15T00:00:00+00:00,compressor,15589.93,3.9442,176.7533,1,1,238.2422,,,2026-02-05T07:00:00+00:00,synthetic_degradation_failure,360,9000
MACHINE_008,2026-03-16T00:00:00+00:00,compressor,15658.97,4.0066,182.7157,1,1,258.0896,,,2026-02-05T07:00:00+00:00,synthetic_degradation_failure,360,9000
MACHINE_008,2026-03-17T00:00:00+00:00,compressor,15685.92,3.9416,184.3048,1,1,255.4728,,,2026-02-05T07:00:00+00:00,synthetic_degradation_failure,360,9000
MACHINE_008,2026-03-18T00:00:00+00:00,compressor,15817.13,3.8337,178.3846,1,1,260.3611,,,2026-02-05T07:00:00+00:00,synthetic_degradation_failure,360,9000
MACHINE_008,2026-03-19T00:00:00+00:00,compressor,15861.15,3.8574,182.0067,1,1,256.0908,,,2026-02-05T07:00:00+00:00,synthetic_degradation_failure,360,9000
MACHINE_008,2026-03-20T00:00:00+00:00,compressor,15827.17,4.0287,184.7292,1,1,268.778,,,2026-02-05T07:00:00+00:00,synthetic_degradation_failure,360,9000
MACHINE_008,2026-03-21T00:00:00+00:00,compressor,16231.42,4.0896,179.9764,1,1,264.3673,,,2026-02-05T07:00:00+00:00,synthetic_degradation_failure,360,9000
MACHINE_008,2026-03-22T00:00:00+00:00,compressor,16307.69,4.0729,182.5564,1,1,278.3465,,,2026-02-05T07:00:00+00:00,synthetic_degradation_failure,360,9000
MACHINE_008,2026-03-23T00:00:00+00:00,compressor,16240.74,3.9997,186.2847,1,1,251.8893,,,2026-02-05T07:00:00+00:00,synthetic_degradation_failure,360,9000
MACHINE_008,2026-03-24T00:00:00+00:00,compressor,15745.82,3.9443,188.1072,1,1,263.0651,,,2026-02-05T07:00:00+00:00,synthetic_degradation_failure,360,9000
MACHINE_008,2026-03-25T00:00:00+00:00,compressor,15976.43,4.1471,181.4833,1,1,267.7587,,,2026-02-05T07:00:00+00:00,synthetic_degradation_failure,360,9000
MACHINE_008,2026-03-26T00:00:00+00:00,compressor,15903.25,4.107,190.7027,1,1,275.2429,,,2026-02-05T07:00:00+00:00,synthetic_degradation_failure,360,9000
MACHINE_008,2026-03-27T00:00:00+00:00,compressor,15887.8,4.1798,188.9699,1,1,277.3634,,,2026-02-05T07:00:00+00:00,synthetic_degradation_failure,360,9000
MACHINE_008,2026-03-28T00:00:00+00:00,compressor,16410.33,4.1548,183.5219,1,1,274.3548,,,2026-02-05T07:00:00+00:00,synthetic_degradation_failure,360,9000
MACHINE_008,2026-03-29T00:00:00+00:00,compressor,15905.5,4.2252,180.994,1,1,292.9482,,,2026-02-05T07:00:00+00:00,synthetic_degradation_failure,360,9000
MACHINE_008,2026-03-30T00:00:00+00:00,compressor,16042.56,4.1956,187.9691,1,1,263.6107,,,2026-02-05T07:00:00+00:00,synthetic_degradation_failure,360,9000
MACHINE_008,2026-03-31T00:00:00+00:00,compressor,16258.92,4.1566,184.934,1,1,288.7649,,,2026-02-05T07:00:00+00:00,synthetic_degradation_failure,360,9000
MACHINE_009,2026-01-01T00:00:00+00:00,motor,15000.0,1.5441,129.4946,0,0,49.8277,,,2026-04-06T01:00:00+00:00,synthetic_degradation_failure,360,9000
MACHINE_009,2026-01-02T00:00:00+00:00,motor,15021.05,1.4222,140.8761,0,0,82.1588,,,2026-04-06T01:00:00+00:00,synthetic_degradation_failure,360,9000
MACHINE_009,2026-01-03T00:00:00+00:00,motor,15048.03,1.4092,124.6137,0,0,75.4423,,,2026-04-06T01:00:00+00:00,synthetic_degradation_failure,360,9000
MACHINE_009,2026-01-04T00:00:00+00:00,motor,15064.32,1.3963,128.1429,0,0,62.9426,,,2026-04-06T01:00:00+00:00,synthetic_degradation_failure,360,9000
MACHINE_009,2026-01-05T00:00:00+00:00,motor,15073.95,1.3553,123.7939,0,0,79.493,,,2026-04-06T01:00:00+00:00,synthetic_degradation_failure,360,9000
MACHINE_009,2026-01-06T00:00:00+00:00,motor,15119.37,1.3726,130.1427,0,0,61.3013,,,2026-04-06T01:00:00+00:00,synthetic_degradation_failure,360,9000
MACHINE_009,2026-01-07T00:00:00+00:00,motor,15148.9,1.448,131.322,0,0,69.4244,,,2026-04-06T01:00:00+00:00,synthetic_degradation_failure,360,9000
MACHINE_009,2026-01-08T00:00:00+00:00,motor,15152.61,1.482,134.4896,0,0,82.3118,,,2026-04-06T01:00:00+00:00,synthetic_degradation_failure,360,9000
MACHINE_009,2026-01-09T00:00:00+00:00,motor,15196.46,1.3937,131.6695,0,0,69.2143,,,2026-04-06T01:00:00+00:00,synthetic_degradation_failure,360,9000
MACHINE_009,2026-01-10T00:00:00+00:00,motor,15216.5,1.4429,127.36,0,0,89.9424,,,2026-04-06T01:00:00+00:00,synthetic_degradation_failure,360,9000
MACHINE_009,2026-01-11T00:00:00+00:00,motor,15193.38,1.3921,132.0371,0,0,88.9701,,,2026-04-06T01:00:00+00:00,synthetic_degradation_failure,360,9000
MACHINE_009,2026-01-12T00:00:00+00:00,motor,15236.83,1.5733,133.7286,0,0,78.7505,,,2026-04-06T01:00:00+00:00,synthetic_degradation_failure,360,9000
MACHINE_009,2026-01-13T00:00:00+00:00,motor,15224.65,1.5414,136.404,0,0,75.2995,,,2026-04-06T01:00:00+00:00,synthetic_degradation_failure,360,9000
MACHINE_009,2026-01-14T00:00:00+00:00,motor,15254.83,1.4313,134.317,0,0,83.0969,,,2026-04-06T01:00:00+00:00,synthetic_degradation_failure,360,9000
MACHINE_009,2026-01-15T00:00:00+00:00,motor,15304.04,1.5491,134.0133,0,0,80.6124,,,2026-04-06T01:00:00+00:00,synthetic_degradation_failure,360,9000
MACHINE_009,2026-01-16T00:00:00+00:00,motor,15289.81,1.4051,135.625,0,0,87.2283,,,2026-04-06T01:00:00+00:00,synthetic_degradation_failure,360,9000
MACHINE_009,2026-01-17T00:00:00+00:00,motor,15295.48,1.4093,130.0224,0,0,72.9337,,,2026-04-06T01:00:00+00:00,synthetic_degradation_failure,360,9000
MACHINE_009,2026-01-18T00:00:00+00:00,motor,15391.77,1.5289,136.174,0,0,90.4656,,,2026-04-06T01:00:00+00:00,synthetic_degradation_failure,360,9000
MACHINE_009,2026-01-19T00:00:00+00:00,motor,15438.11,1.568,132.0435,0,0,74.1675,,,2026-04-06T01:00:00+00:00,synthetic_degradation_failure,360,9000
MACHINE_009,2026-01-20T00:00:00+00:00,motor,15488.2,1.834,142.0338,0,0,86.8831,,,2026-04-06T01:00:00+00:00,synthetic_degradation_failure,360,9000
MACHINE_009,2026-01-21T00:00:00+00:00,motor,15443.97,1.5381,142.1531,0,0,82.191,,,2026-04-06T01:00:00+00:00,synthetic_degradation_failure,360,9000
MACHINE_009,2026-01-22T00:00:00+00:00,motor,15495.29,1.5789,132.5038,0,0,81.7127,,,2026-04-06T01:00:00+00:00,synthetic_degradation_failure,360,9000
MACHINE_009,2026-01-23T00:00:00+00:00,motor,15494.97,1.6214,139.8892,0,0,90.2867,,,2026-04-06T01:00:00+00:00,synthetic_degradation_failure,360,9000
MACHINE_009,2026-01-24T00:00:00+00:00,motor,15464.32,1.6925,137.0756,0,0,100.1989,,,2026-04-06T01:00:00+00:00,synthetic_degradation_failure,360,9000
MACHINE_009,2026-01-25T00:00:00+00:00,motor,15435.87,1.7303,135.4504,0,0,102.6528,,,2026-04-06T01:00:00+00:00,synthetic_degradation_failure,360,9000
MACHINE_009,2026-01-26T00:00:00+00:00,motor,15609.63,1.7803,140.0898,0,0,103.3699,,,2026-04-06T01:00:00+00:00,synthetic_degradation_failure,360,9000
MACHINE_009,2026-01-27T00:00:00+00:00,motor,15557.62,1.8368,138.9522,0,0,100.1348,,,2026-04-06T01:00:00+00:00,synthetic_degradation_failure,360,9000
MACHINE_009,2026-01-28T00:00:00+00:00,motor,15667.64,1.8064,140.7322,0,0,106.3082,,,2026-04-06T01:00:00+00:00,synthetic_degradation_failure,360,9000
MACHINE_009,2026-01-29T00:00:00+00:00,motor,15665.94,1.7739,140.4171,0,0,95.8589,,,2026-04-06T01:00:00+00:00,synthetic_degradation_failure,360,9000
MACHINE_009,2026-01-30T00:00:00+00:00,motor,15666.85,1.77,138.6257,0,0,94.6075,,,2026-04-06T01:00:00+00:00,synthetic_degradation_failure,360,9000
MACHINE_009,2026-01-31T00:00:00+00:00,motor,15609.67,1.8944,152.1097,0,0,86.9604,2026-01-30T20:00:00+00:00,planned_inspection,2026-04-06T01:00:00+00:00,synthetic_degradation_failure,360,9000
MACHINE_009,2026-02-01T00:00:00+00:00,motor,15628.18,1.8057,146.4971,0,0,98.7543,,,2026-04-06T01:00:00+00:00,synthetic_degradation_failure,360,9000
MACHINE_009,2026-02-02T00:00:00+00:00,motor,15763.47,1.9445,140.779,0,0,104.5286,,,2026-04-06T01:00:00+00:00,synthetic_degradation_failure,360,9000
MACHINE_009,2026-02-03T00:00:00+00:00,motor,15667.31,1.9356,134.9306,0,0,115.5552,,,2026-04-06T01:00:00+00:00,synthetic_degradation_failure,360,9000
MACHINE_009,2026-02-04T00:00:00+00:00,motor,15830.77,1.9711,142.2062,0,0,118.6528,,,2026-04-06T01:00:00+00:00,synthetic_degradation_failure,360,9000
MACHINE_009,2026-02-05T00:00:00+00:00,motor,15637.9,2.0181,145.857,0,0,97.4112,,,2026-04-06T01:00:00+00:00,synthetic_degradation_failure,360,9000
MACHINE_009,2026-02-06T00:00:00+00:00,motor,15810.38,2.0076,147.6061,0,0,103.2304,,,2026-04-06T01:00:00+00:00,synthetic_degradation_failure,360,9000
MACHINE_009,2026-02-07T00:00:00+00:00,motor,15726.29,1.9782,136.09,0,0,95.2149,,,2026-04-06T01:00:00+00:00,synthetic_degradation_failure,360,9000
MACHINE_009,2026-02-08T00:00:00+00:00,motor,15684.59,2.112,151.3215,0,0,111.8897,,,2026-04-06T01:00:00+00:00,synthetic_degradation_failure,360,9000
MACHINE_009,2026-02-09T00:00:00+00:00,motor,15987.35,2.1664,142.4394,0,0,132.1153,,,2026-04-06T01:00:00+00:00,synthetic_degradation_failure,360,9000
MACHINE_009,2026-02-10T00:00:00+00:00,motor,15991.81,2.1017,138.8912,0,0,101.4765,,,2026-04-06T01:00:00+00:00,synthetic_degradation_failure,360,9000
MACHINE_009,2026-02-11T00:00:00+00:00,motor,15907.2,2.131,144.989,0,0,112.0294,,,2026-04-06T01:00:00+00:00,synthetic_degradation_failure,360,9000
MACHINE_009,2026-02-12T00:00:00+00:00,motor,15890.42,2.108,149.5092,0,0,112.6437,,,2026-04-06T01:00:00+00:00,synthetic_degradation_failure,360,9000
MACHINE_009,2026-02-13T00:00:00+00:00,motor,16016.48,2.096,147.5799,0,0,119.3571,,,2026-04-06T01:00:00+00:00,synthetic_degradation_failure,360,9000
MACHINE_009,2026-02-14T00:00:00+00:00,motor,15984.55,2.1042,150.9503,0,0,123.2222,,,2026-04-06T01:00:00+00:00,synthetic_degradation_failure,360,9000
MACHINE_009,2026-02-15T00:00:00+00:00,motor,15949.09,2.2687,145.543,0,0,137.6145,,,2026-04-06T01:00:00+00:00,synthetic_degradation_failure,360,9000
MACHINE_009,2026-02-16T00:00:00+00:00,motor,16071.05,2.147,145.8169,0,0,135.2815,,,2026-04-06T01:00:00+00:00,synthetic_degradation_failure,360,9000
MACHINE_009,2026-02-17T00:00:00+00:00,motor,16193.03,2.2027,143.0211,0,0,149.618,,,2026-04-06T01:00:00+00:00,synthetic_degradation_failure,360,9000
MACHINE_009,2026-02-18T00:00:00+00:00,motor,15917.32,2.1419,153.6353,0,0,135.4096,,,2026-04-06T01:00:00+00:00,synthetic_degradation_failure,360,9000
MACHINE_009,2026-02-19T00:00:00+00:00,motor,15896.12,2.1984,147.6214,0,0,130.1932,,,2026-04-06T01:00:00+00:00,synthetic_degradation_failure,360,9000
MACHINE_009,2026-02-20T00:00:00+00:00,motor,16099.08,2.3919,149.0326,0,0,131.577,,,2026-04-06T01:00:00+00:00,synthetic_degradation_failure,360,9000
MACHINE_009,2026-02-21T00:00:00+00:00,motor,16166.19,2.3332,145.834,0,0,126.5412,,,2026-04-06T01:00:00+00:00,synthetic_degradation_failure,360,9000
MACHINE_009,2026-02-22T00:00:00+00:00,motor,16300.31,2.256,149.8325,0,0,123.9142,,,2026-04-06T01:00:00+00:00,synthetic_degradation_failure,360,9000
MACHINE_009,2026-02-23T00:00:00+00:00,motor,16257.12,2.2712,151.4346,0,0,143.9914,,,2026-04-06T01:00:00+00:00,synthetic_degradation_failure,360,9000
MACHINE_009,2026-02-24T00:00:00+00:00,motor,16017.79,2.4553,143.3812,0,0,142.4684,,,2026-04-06T01:00:00+00:00,synthetic_degradation_failure,360,9000
MACHINE_009,2026-02-25T00:00:00+00:00,motor,16110.49,2.3691,152.8845,0,0,129.4751,,,2026-04-06T01:00:00+00:00,synthetic_degradation_failure,360,9000
MACHINE_009,2026-02-26T00:00:00+00:00,motor,16072.22,2.2669,145.9071,0,0,129.9518,,,2026-04-06T01:00:00+00:00,synthetic_degradation_failure,360,9000
MACHINE_009,2026-02-27T00:00:00+00:00,motor,16060.82,2.2797,152.5964,0,0,156.6942,,,2026-04-06T01:00:00+00:00,synthetic_degradation_failure,360,9000
MACHINE_009,2026-02-28T00:00:00+00:00,motor,16346.44,2.5027,148.7772,0,0,134.2616,,,2026-04-06T01:00:00+00:00,synthetic_degradation_failure,360,9000
MACHINE_009,2026-03-01T00:00:00+00:00,motor,16237.62,2.4029,149.2852,0,0,131.3817,,,2026-04-06T01:00:00+00:00,synthetic_degradation_failure,360,9000
MACHINE_009,2026-03-02T00:00:00+00:00,motor,16558.21,2.3594,155.0875,0,0,133.2801,2026-03-01T20:00:00+00:00,planned_inspection,2026-04-06T01:00:00+00:00,synthetic_degradation_failure,360,9000
MACHINE_009,2026-03-03T00:00:00+00:00,motor,16214.0,2.413,154.2506,0,0,155.0311,,,2026-04-06T01:00:00+00:00,synthetic_degradation_failure,360,9000
MACHINE_009,2026-03-04T00:00:00+00:00,motor,16205.46,2.4654,146.8824,1,0,133.9015,,,2026-04-06T01:00:00+00:00,synthetic_degradation_failure,360,9000
MACHINE_009,2026-03-05T00:00:00+00:00,motor,16405.35,2.4206,147.7576,1,0,175.5192,,,2026-04-06T01:00:00+00:00,synthetic_degradation_failure,360,9000
MACHINE_009,2026-03-06T00:00:00+00:00,motor,16465.46,2.4182,145.1854,0,0,149.5755,,,2026-04-06T01:00:00+00:00,synthetic_degradation_failure,360,9000
MACHINE_009,2026-03-07T00:00:00+00:00,motor,16463.88,2.5616,156.1027,0,0,151.0223,,,2026-04-06T01:00:00+00:00,synthetic_degradation_failure,360,9000
MACHINE_009,2026-03-08T00:00:00+00:00,motor,16568.83,2.6171,154.9609,1,0,163.5288,,,2026-04-06T01:00:00+00:00,synthetic_degradation_failure,360,9000
MACHINE_009,2026-03-09T00:00:00+00:00,motor,16632.91,2.4691,152.2776,0,0,164.625,,,2026-04-06T01:00:00+00:00,synthetic_degradation_failure,360,9000
MACHINE_009,2026-03-10T00:00:00+00:00,motor,16716.42,2.6918,157.2746,0,0,170.5142,,,2026-04-06T01:00:00+00:00,synthetic_degradation_failure,360,9000
MACHINE_009,2026-03-11T00:00:00+00:00,motor,16310.46,2.6293,161.9993,0,0,156.9179,,,2026-04-06T01:00:00+00:00,synthetic_degradation_failure,360,9000
MACHINE_009,2026-03-12T00:00:00+00:00,motor,16720.07,2.6597,159.2785,1,0,160.8999,,,2026-04-06T01:00:00+00:00,synthetic_degradation_failure,360,9000
MACHINE_009,2026-03-13T00:00:00+00:00,motor,16550.96,2.5063,156.6335,0,0,155.5803,,,2026-04-06T01:00:00+00:00,synthetic_degradation_failure,360,9000
MACHINE_009,2026-03-14T00:00:00+00:00,motor,16842.97,2.6786,155.6133,0,0,144.2665,,,2026-04-06T01:00:00+00:00,synthetic_degradation_failure,360,9000
MACHINE_009,2026-03-15T00:00:00+00:00,motor,16810.2,2.7825,155.1173,0,0,178.8344,,,2026-04-06T01:00:00+00:00,synthetic_degradation_failure,360,9000
MACHINE_009,2026-03-16T00:00:00+00:00,motor,16904.36,2.7652,156.2015,0,0,159.1421,,,2026-04-06T01:00:00+00:00,synthetic_degradation_failure,360,9000
MACHINE_009,2026-03-17T00:00:00+00:00,motor,16823.49,2.6603,155.9386,0,0,152.991,,,2026-04-06T01:00:00+00:00,synthetic_degradation_failure,360,9000
MACHINE_009,2026-03-18T00:00:00+00:00,motor,16606.86,2.7826,165.6029,0,1,173.0335,,,2026-04-06T01:00:00+00:00,synthetic_degradation_failure,360,9000
MACHINE_009,2026-03-19T00:00:00+00:00,motor,16636.46,2.7636,162.166,1,0,174.791,,,2026-04-06T01:00:00+00:00,synthetic_degradation_failure,360,9000
MACHINE_009,2026-03-20T00:00:00+00:00,motor,16634.55,2.7753,154.1065,0,0,166.7413,,,2026-04-06T01:00:00+00:00,synthetic_degradation_failure,360,9000
MACHINE_009,2026-03-21T00:00:00+00:00,motor,17005.48,2.8591,164.7529,0,0,177.2402,,,2026-04-06T01:00:00+00:00,synthetic_degradation_failure,360,9000
MACHINE_009,2026-03-22T00:00:00+00:00,motor,16504.61,2.8195,157.594,1,0,169.0624,,,2026-04-06T01:00:00+00:00,synthetic_degradation_failure,360,9000
MACHINE_009,2026-03-23T00:00:00+00:00,motor,16667.44,2.8442,158.1458,0,0,179.8267,,,2026-04-06T01:00:00+00:00,synthetic_degradation_failure,360,9000
MACHINE_009,2026-03-24T00:00:00+00:00,motor,16669.55,2.9057,170.0884,1,1,175.6638,,,2026-04-06T01:00:00+00:00,synthetic_degradation_failure,360,9000
MACHINE_009,2026-03-25T00:00:00+00:00,motor,16557.4,2.9415,158.1699,1,0,183.7996,,,2026-04-06T01:00:00+00:00,synthetic_degradation_failure,360,9000
MACHINE_009,2026-03-26T00:00:00+00:00,motor,16728.13,2.9788,168.8022,1,1,180.4976,,,2026-04-06T01:00:00+00:00,synthetic_degradation_failure,360,9000
MACHINE_009,2026-03-27T00:00:00+00:00,motor,16712.16,3.0213,161.0158,1,0,185.0263,,,2026-04-06T01:00:00+00:00,synthetic_degradation_failure,360,9000
MACHINE_009,2026-03-28T00:00:00+00:00,motor,17202.32,2.8554,156.5187,1,0,174.8695,,,2026-04-06T01:00:00+00:00,synthetic_degradation_failure,360,9000
MACHINE_009,2026-03-29T00:00:00+00:00,motor,16672.19,3.0347,162.4018,1,0,173.7183,,,2026-04-06T01:00:00+00:00,synthetic_degradation_failure,360,9000
MACHINE_009,2026-03-30T00:00:00+00:00,motor,17098.72,3.0509,165.8462,1,1,189.0224,,,2026-04-06T01:00:00+00:00,synthetic_degradation_failure,360,9000
MACHINE_009,2026-03-31T00:00:00+00:00,motor,16616.5,3.0225,161.0826,1,0,189.772,,,2026-04-06T01:00:00+00:00,synthetic_degradation_failure,360,9000
MACHINE_010,2026-01-01T00:00:00+00:00,pump,15750.0,2.5085,154.5059,0,0,152.7494,,,2026-02-05T20:00:00+00:00,synthetic_degradation_failure,360,9000
MACHINE_010,2026-01-02T00:00:00+00:00,pump,15773.52,2.6103,159.0497,0,0,163.8468,,,2026-02-05T20:00:00+00:00,synthetic_degradation_failure,360,9000
MACHINE_010,2026-01-03T00:00:00+00:00,pump,15795.29,2.6712,157.3839,1,0,168.4348,,,2026-02-05T20:00:00+00:00,synthetic_degradation_failure,360,9000
MACHINE_010,2026-01-04T00:00:00+00:00,pump,15808.98,2.6376,157.2496,1,0,156.2239,,,2026-02-05T20:00:00+00:00,synthetic_degradation_failure,360,9000
MACHINE_010,2026-01-05T00:00:00+00:00,pump,15842.44,2.68,158.3199,0,0,163.4415,,,2026-02-05T20:00:00+00:00,synthetic_degradation_failure,360,9000
MACHINE_010,2026-01-06T00:00:00+00:00,pump,15858.38,2.5082,156.1693,0,0,164.0306,,,2026-02-05T20:00:00+00:00,synthetic_degradation_failure,360,9000
MACHINE_010,2026-01-07T00:00:00+00:00,pump,15895.87,2.6082,154.138,0,0,162.2688,,,2026-02-05T20:00:00+00:00,synthetic_degradation_failure,360,9000
MACHINE_010,2026-01-08T00:00:00+00:00,pump,15926.33,2.6847,162.2561,1,0,169.301,,,2026-02-05T20:00:00+00:00,synthetic_degradation_failure,360,9000
MACHINE_010,2026-01-09T00:00:00+00:00,pump,15952.8,2.8276,158.1353,0,0,152.8044,,,2026-02-05T20:00:00+00:00,synthetic_degradation_failure,360,9000
MACHINE_010,2026-01-10T00:00:00+00:00,pump,15947.51,2.8258,167.7093,0,1,163.7578,,,2026-02-05T20:00:00+00:00,synthetic_degradation_failure,360,9000
MACHINE_010,2026-01-11T00:00:00+00:00,pump,15952.38,2.8296,151.9336,1,0,181.0329,,,2026-02-05T20:00:00+00:00,synthetic_degradation_failure,360,9000
MACHINE_010,2026-01-12T00:00:00+00:00,pump,15957.01,2.7879,161.6407,0,0,166.519,,,2026-02-05T20:00:00+00:00,synthetic_degradation_failure,360,9000
MACHINE_010,2026-01-13T00:00:00+00:00,pump,16037.63,2.7973,162.8729,0,0,188.5093,,,2026-02-05T20:00:00+00:00,synthetic_degradation_failure,360,9000
MACHINE_010,2026-01-14T00:00:00+00:00,pump,16005.06,2.8479,162.3938,1,0,170.7612,,,2026-02-05T20:00:00+00:00,synthetic_degradation_failure,360,9000
MACHINE_010,2026-01-15T00:00:00+00:00,pump,16065.57,2.8008,158.1126,1,0,188.3801,,,2026-02-05T20:00:00+00:00,synthetic_degradation_failure,360,9000
MACHINE_010,2026-01-16T00:00:00+00:00,pump,16102.14,2.8268,158.3541,1,0,170.0781,,,2026-02-05T20:00:00+00:00,synthetic_degradation_failure,360,9000
MACHINE_010,2026-01-17T00:00:00+00:00,pump,16065.96,2.9652,160.9724,1,0,178.4793,,,2026-02-05T20:00:00+00:00,synthetic_degradation_failure,360,9000
MACHINE_010,2026-01-18T00:00:00+00:00,pump,16090.79,2.8473,165.783,0,1,186.4646,,,2026-02-05T20:00:00+00:00,synthetic_degradation_failure,360,9000
MACHINE_010,2026-01-19T00:00:00+00:00,pump,16083.67,2.8612,159.6668,1,0,186.4279,,,2026-02-05T20:00:00+00:00,synthetic_degradation_failure,360,9000
MACHINE_010,2026-01-20T00:00:00+00:00,pump,16211.02,2.9899,161.9076,1,0,188.707,,,2026-02-05T20:00:00+00:00,synthetic_degradation_failure,360,9000
MACHINE_010,2026-01-21T00:00:00+00:00,pump,16152.13,3.0991,155.5168,1,0,207.2445,,,2026-02-05T20:00:00+00:00,synthetic_degradation_failure,360,9000
MACHINE_010,2026-01-22T00:00:00+00:00,pump,16185.16,2.8668,161.6862,1,0,192.5053,,,2026-02-05T20:00:00+00:00,synthetic_degradation_failure,360,9000
MACHINE_010,2026-01-23T00:00:00+00:00,pump,16158.43,2.9706,161.4199,1,0,203.571,,,2026-02-05T20:00:00+00:00,synthetic_degradation_failure,360,9000
MACHINE_010,2026-01-24T00:00:00+00:00,pump,16340.49,3.0819,158.7211,0,0,196.966,,,2026-02-05T20:00:00+00:00,synthetic_degradation_failure,360,9000
MACHINE_010,2026-01-25T00:00:00+00:00,pump,16280.27,3.0474,165.6531,0,1,182.8353,,,2026-02-05T20:00:00+00:00,synthetic_degradation_failure,360,9000
MACHINE_010,2026-01-26T00:00:00+00:00,pump,16399.65,3.1258,169.0715,1,1,195.259,,,2026-02-05T20:00:00+00:00,synthetic_degradation_failure,360,9000
MACHINE_010,2026-01-27T00:00:00+00:00,pump,16226.75,3.0348,162.2295,0,0,190.8581,,,2026-02-05T20:00:00+00:00,synthetic_degradation_failure,360,9000
MACHINE_010,2026-01-28T00:00:00+00:00,pump,16237.59,3.1524,157.2036,1,0,209.4564,,,2026-02-05T20:00:00+00:00,synthetic_degradation_failure,360,9000
MACHINE_010,2026-01-29T00:00:00+00:00,pump,16289.01,3.0321,175.4154,1,1,202.6991,,,2026-02-05T20:00:00+00:00,synthetic_degradation_failure,360,9000
MACHINE_010,2026-01-30T00:00:00+00:00,pump,16291.57,3.1361,163.4707,1,0,210.3323,,,2026-02-05T20:00:00+00:00,synthetic_degradation_failure,360,9000
MACHINE_010,2026-01-31T00:00:00+00:00,pump,16386.71,3.2316,162.7566,1,0,193.3133,2026-01-30T20:00:00+00:00,planned_inspection,2026-02-05T20:00:00+00:00,synthetic_degradation_failure,360,9000
MACHINE_010,2026-02-01T00:00:00+00:00,pump,16425.0,3.0743,158.9953,1,0,195.0981,,,2026-02-05T20:00:00+00:00,synthetic_degradation_failure,360,9000
MACHINE_010,2026-02-02T00:00:00+00:00,pump,16358.16,3.2687,176.028,1,1,202.0603,,,2026-02-05T20:00:00+00:00,synthetic_degradation_failure,360,9000
MACHINE_010,2026-02-03T00:00:00+00:00,pump,16481.37,3.3165,172.425,1,1,206.4197,,,2026-02-05T20:00:00+00:00,synthetic_degradation_failure,360,9000
MACHINE_010,2026-02-04T00:00:00+00:00,pump,16616.25,3.3098,167.7931,1,1,221.3207,,,2026-02-05T20:00:00+00:00,synthetic_degradation_failure,360,9000
MACHINE_010,2026-02-05T00:00:00+00:00,pump,16534.23,3.3237,175.5907,1,1,225.1966,,,2026-02-05T20:00:00+00:00,synthetic_degradation_failure,360,9000
MACHINE_010,2026-02-06T00:00:00+00:00,pump,16414.93,3.5671,164.3333,1,0,214.5993,,,2026-02-05T20:00:00+00:00,synthetic_degradation_failure,360,9000
MACHINE_010,2026-02-07T00:00:00+00:00,pump,16694.16,3.4815,166.8186,1,1,223.4804,,,2026-02-05T20:00:00+00:00,synthetic_degradation_failure,360,9000
MACHINE_010,2026-02-08T00:00:00+00:00,pump,16439.54,3.2686,175.512,1,1,219.296,,,2026-02-05T20:00:00+00:00,synthetic_degradation_failure,360,9000
MACHINE_010,2026-02-09T00:00:00+00:00,pump,16490.88,3.3836,169.9549,1,1,215.056,,,2026-02-05T20:00:00+00:00,synthetic_degradation_failure,360,9000
MACHINE_010,2026-02-10T00:00:00+00:00,pump,16715.13,3.2958,167.2646,1,1,208.6687,,,2026-02-05T20:00:00+00:00,synthetic_degradation_failure,360,9000
MACHINE_010,2026-02-11T00:00:00+00:00,pump,16510.42,3.4033,171.909,1,1,211.3603,,,2026-02-05T20:00:00+00:00,synthetic_degradation_failure,360,9000
MACHINE_010,2026-02-12T00:00:00+00:00,pump,16825.94,3.404,169.7028,1,1,200.7129,,,2026-02-05T20:00:00+00:00,synthetic_degradation_failure,360,9000
MACHINE_010,2026-02-13T00:00:00+00:00,pump,16710.4,3.524,164.8757,1,0,235.6338,,,2026-02-05T20:00:00+00:00,synthetic_degradation_failure,360,9000
MACHINE_010,2026-02-14T00:00:00+00:00,pump,16749.25,3.4888,176.6907,1,1,230.6446,,,2026-02-05T20:00:00+00:00,synthetic_degradation_failure,360,9000
MACHINE_010,2026-02-15T00:00:00+00:00,pump,16744.34,3.4473,169.4058,1,1,234.991,,,2026-02-05T20:00:00+00:00,synthetic_degradation_failure,360,9000
MACHINE_010,2026-02-16T00:00:00+00:00,pump,16649.85,3.4038,168.6613,1,1,243.2969,,,2026-02-05T20:00:00+00:00,synthetic_degradation_failure,360,9000
MACHINE_010,2026-02-17T00:00:00+00:00,pump,16680.63,3.4945,176.4457,1,1,222.5173,,,2026-02-05T20:00:00+00:00,synthetic_degradation_failure,360,9000
MACHINE_010,2026-02-18T00:00:00+00:00,pump,16673.23,3.6581,163.613,1,0,223.1072,,,2026-02-05T20:00:00+00:00,synthetic_degradation_failure,360,9000
MACHINE_010,2026-02-19T00:00:00+00:00,pump,16835.42,3.7009,171.3022,1,1,227.8851,,,2026-02-05T20:00:00+00:00,synthetic_degradation_failure,360,9000
MACHINE_010,2026-02-20T00:00:00+00:00,pump,16952.61,3.5501,168.2522,1,1,243.4469,,,2026-02-05T20:00:00+00:00,synthetic_degradation_failure,360,9000
MACHINE_010,2026-02-21T00:00:00+00:00,pump,16675.92,3.6416,173.8908,1,1,248.8537,,,2026-02-05T20:00:00+00:00,synthetic_degradation_failure,360,9000
MACHINE_010,2026-02-22T00:00:00+00:00,pump,16842.25,3.59,179.71,1,1,227.5751,,,2026-02-05T20:00:00+00:00,synthetic_degradation_failure,360,9000
MACHINE_010,2026-02-23T00:00:00+00:00,pump,17018.82,3.6455,176.7527,1,1,238.3293,,,2026-02-05T20:00:00+00:00,synthetic_degradation_failure,360,9000
MACHINE_010,2026-02-24T00:00:00+00:00,pump,16722.97,3.6916,176.2547,1,1,238.8708,,,2026-02-05T20:00:00+00:00,synthetic_degradation_failure,360,9000
MACHINE_010,2026-02-25T00:00:00+00:00,pump,16840.51,3.6813,178.9443,1,1,228.3789,,,2026-02-05T20:00:00+00:00,synthetic_degradation_failure,360,9000
MACHINE_010,2026-02-26T00:00:00+00:00,pump,16864.11,3.6482,177.2815,1,1,240.4649,,,2026-02-05T20:00:00+00:00,synthetic_degradation_failure,360,9000
MACHINE_010,2026-02-27T00:00:00+00:00,pump,16945.63,3.6901,181.4501,1,1,246.4287,,,2026-02-05T20:00:00+00:00,synthetic_degradation_failure,360,9000
MACHINE_010,2026-02-28T00:00:00+00:00,pump,16931.52,3.8924,172.8912,1,1,252.4045,,,2026-02-05T20:00:00+00:00,synthetic_degradation_failure,360,9000
MACHINE_010,2026-03-01T00:00:00+00:00,pump,17242.46,3.6971,178.654,1,1,243.9239,,,2026-02-05T20:00:00+00:00,synthetic_degradation_failure,360,9000
MACHINE_010,2026-03-02T00:00:00+00:00,pump,17096.27,3.6224,182.9237,1,1,240.23,2026-03-01T20:00:00+00:00,planned_inspection,2026-02-05T20:00:00+00:00,synthetic_degradation_failure,360,9000
MACHINE_010,2026-03-03T00:00:00+00:00,pump,17170.3,3.8341,175.2504,1,1,250.5937,,,2026-02-05T20:00:00+00:00,synthetic_degradation_failure,360,9000
MACHINE_010,2026-03-04T00:00:00+00:00,pump,16888.29,3.8095,174.6227,1,1,233.3215,,,2026-02-05T20:00:00+00:00,synthetic_degradation_failure,360,9000
MACHINE_010,2026-03-05T00:00:00+00:00,pump,17372.55,3.7854,182.9789,1,1,244.9326,,,2026-02-05T20:00:00+00:00,synthetic_degradation_failure,360,9000
MACHINE_010,2026-03-06T00:00:00+00:00,pump,17409.85,3.8937,181.3481,1,1,244.892,,,2026-02-05T20:00:00+00:00,synthetic_degradation_failure,360,9000
MACHINE_010,2026-03-07T00:00:00+00:00,pump,16941.06,3.963,182.1742,1,1,250.9279,,,2026-02-05T20:00:00+00:00,synthetic_degradation_failure,360,9000
MACHINE_010,2026-03-08T00:00:00+00:00,pump,17375.45,3.7811,178.4103,1,1,271.4597,,,2026-02-05T20:00:00+00:00,synthetic_degradation_failure,360,9000
MACHINE_010,2026-03-09T00:00:00+00:00,pump,17085.44,3.7492,175.1037,1,1,250.4647,,,2026-02-05T20:00:00+00:00,synthetic_degradation_failure,360,9000
MACHINE_010,2026-03-10T00:00:00+00:00,pump,17130.88,4.101,182.7978,1,1,249.7134,,,2026-02-05T20:00:00+00:00,synthetic_degradation_failure,360,9000
MACHINE_010,2026-03-11T00:00:00+00:00,pump,17051.18,3.935,180.8032,1,1,241.788,,,2026-02-05T20:00:00+00:00,synthetic_degradation_failure,360,9000
MACHINE_010,2026-03-12T00:00:00+00:00,pump,17489.47,4.0001,187.4492,1,1,250.2908,,,2026-02-05T20:00:00+00:00,synthetic_degradation_failure,360,9000
MACHINE_010,2026-03-13T00:00:00+00:00,pump,17289.5,4.0255,182.9782,1,1,250.8262,,,2026-02-05T20:00:00+00:00,synthetic_degradation_failure,360,9000
MACHINE_010,2026-03-14T00:00:00+00:00,pump,17481.63,4.0216,181.2408,1,1,277.8822,,,2026-02-05T20:00:00+00:00,synthetic_degradation_failure,360,9000
MACHINE_010,2026-03-15T00:00:00+00:00,pump,17135.26,4.1471,181.3591,1,1,263.301,,,2026-02-05T20:00:00+00:00,synthetic_degradation_failure,360,9000
MACHINE_010,2026-03-16T00:00:00+00:00,pump,17533.81,4.1797,183.3404,1,1,257.7799,,,2026-02-05T20:00:00+00:00,synthetic_degradation_failure,360,9000
MACHINE_010,2026-03-17T00:00:00+00:00,pump,17610.34,4.0161,189.2139,1,1,270.4152,,,2026-02-05T20:00:00+00:00,synthetic_degradation_failure,360,9000
MACHINE_010,2026-03-18T00:00:00+00:00,pump,17260.49,4.198,187.7201,1,1,261.2323,,,2026-02-05T20:00:00+00:00,synthetic_degradation_failure,360,9000
MACHINE_010,2026-03-19T00:00:00+00:00,pump,17432.59,4.1837,185.7302,1,1,267.7461,,,2026-02-05T20:00:00+00:00,synthetic_degradation_failure,360,9000
MACHINE_010,2026-03-20T00:00:00+00:00,pump,17382.45,4.1412,178.815,1,1,274.8576,,,2026-02-05T20:00:00+00:00,synthetic_degradation_failure,360,9000
MACHINE_010,2026-03-21T00:00:00+00:00,pump,17396.69,4.2333,184.1338,1,1,258.5458,,,2026-02-05T20:00:00+00:00,synthetic_degradation_failure,360,9000
MACHINE_010,2026-03-22T00:00:00+00:00,pump,17371.61,4.2121,177.5813,1,1,263.7642,,,2026-02-05T20:00:00+00:00,synthetic_degradation_failure,360,9000
MACHINE_010,2026-03-23T00:00:00+00:00,pump,17370.24,4.1192,188.3002,1,1,289.415,,,2026-02-05T20:00:00+00:00,synthetic_degradation_failure,360,9000
MACHINE_010,2026-03-24T00:00:00+00:00,pump,17687.65,4.164,186.0045,1,1,280.9171,,,2026-02-05T20:00:00+00:00,synthetic_degradation_failure,360,9000
MACHINE_010,2026-03-25T00:00:00+00:00,pump,17350.5,4.443,184.8936,1,1,272.5426,,,2026-02-05T20:00:00+00:00,synthetic_degradation_failure,360,9000
MACHINE_010,2026-03-26T00:00:00+00:00,pump,17648.99,4.296,187.5564,1,1,273.5748,,,2026-02-05T20:00:00+00:00,synthetic_degradation_failure,360,9000
MACHINE_010,2026-03-27T00:00:00+00:00,pump,17857.09,4.3285,188.1106,1,1,305.4558,,,2026-02-05T20:00:00+00:00,synthetic_degradation_failure,360,9000
MACHINE_010,2026-03-28T00:00:00+00:00,pump,17349.83,4.3293,185.5468,1,1,291.5018,,,2026-02-05T20:00:00+00:00,synthetic_degradation_failure,360,9000
MACHINE_010,2026-03-29T00:00:00+00:00,pump,17783.72,4.3665,189.9673,1,1,291.6596,,,2026-02-05T20:00:00+00:00,synthetic_degradation_failure,360,9000
MACHINE_010,2026-03-30T00:00:00+00:00,pump,17956.02,4.3627,189.1577,1,1,287.8163,,,2026-02-05T20:00:00+00:00,synthetic_degradation_failure,360,9000
MACHINE_010,2026-03-31T00:00:00+00:00,pump,17502.47,4.3142,196.4894,1,1,291.2432,,,2026-02-05T20:00:00+00:00,synthetic_degradation_failure,360,9000
MACHINE_011,2026-01-01T00:00:00+00:00,compressor,16500.0,1.7758,136.1441,0,0,93.0399,,,2026-04-06T10:00:00+00:00,synthetic_degradation_failure,360,9000
MACHINE_011,2026-01-02T00:00:00+00:00,compressor,16524.86,1.6624,140.985,0,0,91.8898,,,2026-04-06T10:00:00+00:00,synthetic_degradation_failure,360,9000
MACHINE_011,2026-01-03T00:00:00+00:00,compressor,16540.86,1.73,143.2111,0,0,122.7861,,,2026-04-06T10:00:00+00:00,synthetic_degradation_failure,360,9000
MACHINE_011,2026-01-04T00:00:00+00:00,compressor,16557.26,1.754,136.355,0,0,104.1466,,,2026-04-06T10:00:00+00:00,synthetic_degradation_failure,360,9000
MACHINE_011,2026-01-05T00:00:00+00:00,compressor,16602.04,1.9364,137.0286,0,0,116.3167,,,2026-04-06T10:00:00+00:00,synthetic_degradation_failure,360,9000
MACHINE_011,2026-01-06T00:00:00+00:00,compressor,16597.81,1.8219,138.8677,0,0,96.2079,,,2026-04-06T10:00:00+00:00,synthetic_degradation_failure,360,9000
MACHINE_011,2026-01-07T00:00:00+00:00,compressor,16621.02,1.8353,140.5499,0,0,95.7398,,,2026-04-06T10:00:00+00:00,synthetic_degradation_failure,360,9000
MACHINE_011,2026-01-08T00:00:00+00:00,compressor,16635.85,1.8814,137.8224,0,0,118.1433,,,2026-04-06T10:00:00+00:00,synthetic_degradation_failure,360,9000
MACHINE_011,2026-01-09T00:00:00+00:00,compressor,16646.49,2.0298,135.0324,0,0,114.1652,,,2026-04-06T10:00:00+00:00,synthetic_degradation_failure,360,9000
MACHINE_011,2026-01-10T00:00:00+00:00,compressor,16684.32,1.9304,136.9905,0,0,122.5247,,,2026-04-06T10:00:00+00:00,synthetic_degradation_failure,360,9000
MACHINE_011,2026-01-11T00:00:00+00:00,compressor,16689.96,1.7781,137.9386,0,0,113.6028,,,2026-04-06T10:00:00+00:00,synthetic_degradation_failure,360,9000
MACHINE_011,2026-01-12T00:00:00+00:00,compressor,16748.54,1.922,147.166,0,0,106.6445,,,2026-04-06T10:00:00+00:00,synthetic_degradation_failure,360,9000
MACHINE_011,2026-01-13T00:00:00+00:00,compressor,16723.98,1.9121,139.8297,0,0,134.09,,,2026-04-06T10:00:00+00:00,synthetic_degradation_failure,360,9000
MACHINE_011,2026-01-14T00:00:00+00:00,compressor,16824.99,2.0151,144.822,0,0,105.1543,,,2026-04-06T10:00:00+00:00,synthetic_degradation_failure,360,9000
MACHINE_011,2026-01-15T00:00:00+00:00,compressor,16783.5,1.9818,145.9379,0,0,122.3533,,,2026-04-06T10:00:00+00:00,synthetic_degradation_failure,360,9000
MACHINE_011,2026-01-16T00:00:00+00:00,compressor,16779.31,2.0664,144.2226,0,0,122.4019,,,2026-04-06T10:00:00+00:00,synthetic_degradation_failure,360,9000
MACHINE_011,2026-01-17T00:00:00+00:00,compressor,16845.99,2.082,143.7287,0,0,125.1712,,,2026-04-06T10:00:00+00:00,synthetic_degradation_failure,360,9000
MACHINE_011,2026-01-18T00:00:00+00:00,compressor,16904.87,2.1499,145.9783,0,0,99.1185,,,2026-04-06T10:00:00+00:00,synthetic_degradation_failure,360,9000
MACHINE_011,2026-01-19T00:00:00+00:00,compressor,16892.9,2.1472,143.5045,0,0,126.4336,,,2026-04-06T10:00:00+00:00,synthetic_degradation_failure,360,9000
MACHINE_011,2026-01-20T00:00:00+00:00,compressor,16894.03,2.0827,147.1762,0,0,141.4068,,,2026-04-06T10:00:00+00:00,synthetic_degradation_failure,360,9000
MACHINE_011,2026-01-21T00:00:00+00:00,compressor,16886.78,2.0896,149.0887,0,0,130.2359,,,2026-04-06T10:00:00+00:00,synthetic_degradation_failure,360,9000
MACHINE_011,2026-01-22T00:00:00+00:00,compressor,16910.56,2.2069,149.5583,0,0,132.5827,,,2026-04-06T10:00:00+00:00,synthetic_degradation_failure,360,9000
MACHINE_011,2026-01-23T00:00:00+00:00,compressor,16974.64,2.3175,149.4428,0,0,130.1833,,,2026-04-06T10:00:00+00:00,synthetic_degradation_failure,360,9000
MACHINE_011,2026-01-24T00:00:00+00:00,compressor,16975.94,2.177,147.6199,0,0,145.1391,,,2026-04-06T10:00:00+00:00,synthetic_degradation_failure,360,9000
MACHINE_011,2026-01-25T00:00:00+00:00,compressor,16992.76,2.1717,147.6406,0,0,129.3862,,,2026-04-06T10:00:00+00:00,synthetic_degradation_failure,360,9000
MACHINE_011,2026-01-26T00:00:00+00:00,compressor,17099.19,2.1822,154.2747,0,0,125.0301,,,2026-04-06T10:00:00+00:00,synthetic_degradation_failure,360,9000
MACHINE_011,2026-01-27T00:00:00+00:00,compressor,17011.56,2.2936,143.604,0,0,137.1764,,,2026-04-06T10:00:00+00:00,synthetic_degradation_failure,360,9000
MACHINE_011,2026-01-28T00:00:00+00:00,compressor,16993.87,2.4135,149.9711,0,0,145.8172,,,2026-04-06T10:00:00+00:00,synthetic_degradation_failure,360,9000
MACHINE_011,2026-01-29T00:00:00+00:00,compressor,17048.05,2.2036,141.7661,0,0,130.4263,,,2026-04-06T10:00:00+00:00,synthetic_degradation_failure,360,9000
MACHINE_011,2026-01-30T00:00:00+00:00,compressor,17148.41,2.3314,144.397,0,0,130.3961,,,2026-04-06T10:00:00+00:00,synthetic_degradation_failure,360,9000
MACHINE_011,2026-01-31T00:00:00+00:00,compressor,17160.4,2.2779,155.6616,0,0,151.0889,2026-01-30T20:00:00+00:00,planned_inspection,2026-04-06T10:00:00+00:00,synthetic_degradation_failure,360,9000
MACHINE_011,2026-02-01T00:00:00+00:00,compressor,17125.58,2.3429,146.6309,0,0,136.0731,,,2026-04-06T10:00:00+00:00,synthetic_degradation_failure,360,9000
MACHINE_011,2026-02-02T00:00:00+00:00,compressor,17240.89,2.3474,146.5828,0,0,149.4369,,,2026-04-06T10:00:00+00:00,synthetic_degradation_failure,360,9000
MACHINE_011,2026-02-03T00:00:00+00:00,compressor,17113.8,2.3979,150.4149,0,0,147.3179,,,2026-04-06T10:00:00+00:00,synthetic_degradation_failure,360,9000
MACHINE_011,2026-02-04T00:00:00+00:00,compressor,17195.94,2.3307,144.648,0,0,153.7271,,,2026-04-06T10:00:00+00:00,synthetic_degradation_failure,360,9000
MACHINE_011,2026-02-05T00:00:00+00:00,compressor,17373.04,2.628,155.0707,0,0,157.4543,,,2026-04-06T10:00:00+00:00,synthetic_degradation_failure,360,9000
MACHINE_011,2026-02-06T00:00:00+00:00,compressor,17152.85,2.3833,141.6739,0,0,156.5285,,,2026-04-06T10:00:00+00:00,synthetic_degradation_failure,360,9000
MACHINE_011,2026-02-07T00:00:00+00:00,compressor,17221.51,2.4883,157.5894,0,0,160.3799,,,2026-04-06T10:00:00+00:00,synthetic_degradation_failure,360,9000
MACHINE_011,2026-02-08T00:00:00+00:00,compressor,17247.45,2.3987,159.1511,0,0,147.6029,,,2026-04-06T10:00:00+00:00,synthetic_degradation_failure,360,9000
MACHINE_011,2026-02-09T00:00:00+00:00,compressor,17329.48,2.4544,150.2477,0,0,140.2754,,,2026-04-06T10:00:00+00:00,synthetic_degradation_failure,360,9000
MACHINE_011,2026-02-10T00:00:00+00:00,compressor,17437.91,2.4789,157.901,0,0,159.3773,,,2026-04-06T10:00:00+00:00,synthetic_degradation_failure,360,9000
MACHINE_011,2026-02-11T00:00:00+00:00,compressor,17315.53,2.5366,155.3053,0,0,157.2296,,,2026-04-06T10:00:00+00:00,synthetic_degradation_failure,360,9000
MACHINE_011,2026-02-12T00:00:00+00:00,compressor,17348.28,2.5669,157.4216,0,0,141.4871,,,2026-04-06T10:00:00+00:00,synthetic_degradation_failure,360,9000
MACHINE_011,2026-02-13T00:00:00+00:00,compressor,17335.55,2.6443,156.9405,0,0,157.5716,,,2026-04-06T10:00:00+00:00,synthetic_degradation_failure,360,9000
MACHINE_011,2026-02-14T00:00:00+00:00,compressor,17397.38,2.6504,156.7338,0,0,173.5961,,,2026-04-06T10:00:00+00:00,synthetic_degradation_failure,360,9000
MACHINE_011,2026-02-15T00:00:00+00:00,compressor,17336.53,2.5796,161.9626,0,0,160.3662,,,2026-04-06T10:00:00+00:00,synthetic_degradation_failure,360,9000
MACHINE_011,2026-02-16T00:00:00+00:00,compressor,17484.39,2.6587,144.8233,0,0,164.8823,,,2026-04-06T10:00:00+00:00,synthetic_degradation_failure,360,9000
MACHINE_011,2026-02-17T00:00:00+00:00,compressor,17397.85,2.6861,160.7126,0,0,156.2587,,,2026-04-06T10:00:00+00:00,synthetic_degradation_failure,360,9000
MACHINE_011,2026-02-18T00:00:00+00:00,compressor,17644.85,2.6602,155.9593,0,0,190.698,,,2026-04-06T10:00:00+00:00,synthetic_degradation_failure,360,9000
MACHINE_011,2026-02-19T00:00:00+00:00,compressor,17563.51,2.6752,156.9577,0,0,178.7224,,,2026-04-06T10:00:00+00:00,synthetic_degradation_failure,360,9000
MACHINE_011,2026-02-20T00:00:00+00:00,compressor,17754.49,2.7225,156.2786,0,0,170.1207,,,2026-04-06T10:00:00+00:00,synthetic_degradation_failure,360,9000
MACHINE_011,2026-02-21T00:00:00+00:00,compressor,17537.7,2.7313,158.76,0,0,160.3104,,,2026-04-06T10:00:00+00:00,synthetic_degradation_failure,360,9000
MACHINE_011,2026-02-22T00:00:00+00:00,compressor,17537.73,2.6264,161.6047,0,0,179.1101,,,2026-04-06T10:00:00+00:00,synthetic_degradation_failure,360,9000
MACHINE_011,2026-02-23T00:00:00+00:00,compressor,17548.09,2.9291,156.0926,0,0,184.0457,,,2026-04-06T10:00:00+00:00,synthetic_degradation_failure,360,9000
MACHINE_011,2026-02-24T00:00:00+00:00,compressor,17729.83,2.7626,159.6335,1,0,179.9576,,,2026-04-06T10:00:00+00:00,synthetic_degradation_failure,360,9000
MACHINE_011,2026-02-25T00:00:00+00:00,compressor,17537.98,2.9228,160.7778,0,0,188.9883,,,2026-04-06T10:00:00+00:00,synthetic_degradation_failure,360,9000
MACHINE_011,2026-02-26T00:00:00+00:00,compressor,17706.06,2.9744,160.4947,0,0,176.4301,,,2026-04-06T10:00:00+00:00,synthetic_degradation_failure,360,9000
MACHINE_011,2026-02-27T00:00:00+00:00,compressor,17756.91,2.8473,162.9435,0,0,168.2198,,,2026-04-06T10:00:00+00:00,synthetic_degradation_failure,360,9000
MACHINE_011,2026-02-28T00:00:00+00:00,compressor,17627.47,2.8888,159.0789,1,0,174.222,,,2026-04-06T10:00:00+00:00,synthetic_degradation_failure,360,9000
MACHINE_011,2026-03-01T00:00:00+00:00,compressor,17619.44,2.9117,154.6344,0,0,184.2877,,,2026-04-06T10:00:00+00:00,synthetic_degradation_failure,360,9000
MACHINE_011,2026-03-02T00:00:00+00:00,compressor,17765.95,2.9726,154.3477,0,0,192.9435,2026-03-01T20:00:00+00:00,planned_inspection,2026-04-06T10:00:00+00:00,synthetic_degradation_failure,360,9000
MACHINE_011,2026-03-03T00:00:00+00:00,compressor,18047.16,3.0376,158.1162,0,0,195.5192,,,2026-04-06T10:00:00+00:00,synthetic_degradation_failure,360,9000
MACHINE_011,2026-03-04T00:00:00+00:00,compressor,17851.29,2.9322,162.129,0,0,188.3585,,,2026-04-06T10:00:00+00:00,synthetic_degradation_failure,360,9000
MACHINE_011,2026-03-05T00:00:00+00:00,compressor,17778.49,2.9493,157.1033,1,0,183.9,,,2026-04-06T10:00:00+00:00,synthetic_degradation_failure,360,9000
MACHINE_011,2026-03-06T00:00:00+00:00,compressor,17975.09,3.001,163.0745,0,0,191.2164,,,2026-04-06T10:00:00+00:00,synthetic_degradation_failure,360,9000
MACHINE_011,2026-03-07T00:00:00+00:00,compressor,17767.69,3.0403,153.7647,1,0,191.3623,,,2026-04-06T10:00:00+00:00,synthetic_degradation_failure,360,9000
MACHINE_011,2026-03-08T00:00:00+00:00,compressor,17968.63,2.936,161.6995,0,0,208.9769,,,2026-04-06T10:00:00+00:00,synthetic_degradation_failure,360,9000
MACHINE_011,2026-03-09T00:00:00+00:00,compressor,18076.45,3.1269,161.3707,0,0,193.2686,,,2026-04-06T10:00:00+00:00,synthetic_degradation_failure,360,9000
MACHINE_011,2026-03-10T00:00:00+00:00,compressor,17847.92,2.9351,159.0986,0,0,186.2935,,,2026-04-06T10:00:00+00:00,synthetic_degradation_failure,360,9000
MACHINE_011,2026-03-11T00:00:00+00:00,compressor,18136.48,2.9771,161.8136,0,0,188.4331,,,2026-04-06T10:00:00+00:00,synthetic_degradation_failure,360,9000
MACHINE_011,2026-03-12T00:00:00+00:00,compressor,17891.97,3.1586,165.8889,0,1,184.6966,,,2026-04-06T10:00:00+00:00,synthetic_degradation_failure,360,9000
MACHINE_011,2026-03-13T00:00:00+00:00,compressor,18130.86,3.1428,169.0007,1,1,207.808,,,2026-04-06T10:00:00+00:00,synthetic_degradation_failure,360,9000
MACHINE_011,2026-03-14T00:00:00+00:00,compressor,18131.33,3.1683,164.6315,0,0,223.3176,,,2026-04-06T10:00:00+00:00,synthetic_degradation_failure,360,9000
MACHINE_011,2026-03-15T00:00:00+00:00,compressor,18347.78,3.1675,171.1527,0,1,197.9533,,,2026-04-06T10:00:00+00:00,synthetic_degradation_failure,360,9000
MACHINE_011,2026-03-16T00:00:00+00:00,compressor,18013.86,3.1884,160.3108,1,0,212.4981,,,2026-04-06T10:00:00+00:00,synthetic_degradation_failure,360,9000
MACHINE_011,2026-03-17T00:00:00+00:00,compressor,17911.86,3.1567,167.4296,0,1,203.9537,,,2026-04-06T10:00:00+00:00,synthetic_degradation_failure,360,9000
MACHINE_011,2026-03-18T00:00:00+00:00,compressor,18230.06,3.254,162.7223,1,0,195.2061,,,2026-04-06T10:00:00+00:00,synthetic_degradation_failure,360,9000
MACHINE_011,2026-03-19T00:00:00+00:00,compressor,18264.98,3.183,166.0841,1,1,215.9525,,,2026-04-06T10:00:00+00:00,synthetic_degradation_failure,360,9000
MACHINE_011,2026-03-20T00:00:00+00:00,compressor,17931.37,3.1984,166.0849,1,1,205.3298,,,2026-04-06T10:00:00+00:00,synthetic_degradation_failure,360,9000
MACHINE_011,2026-03-21T00:00:00+00:00,compressor,18176.59,3.3416,167.244,1,1,228.9847,,,2026-04-06T10:00:00+00:00,synthetic_degradation_failure,360,9000
MACHINE_011,2026-03-22T00:00:00+00:00,compressor,18066.06,3.4206,171.2654,0,1,203.4805,,,2026-04-06T10:00:00+00:00,synthetic_degradation_failure,360,9000
MACHINE_011,2026-03-23T00:00:00+00:00,compressor,18241.46,3.2779,169.0557,1,1,228.4979,,,2026-04-06T10:00:00+00:00,synthetic_degradation_failure,360,9000
MACHINE_011,2026-03-24T00:00:00+00:00,compressor,18392.57,3.3306,161.4768,1,0,217.6485,,,2026-04-06T10:00:00+00:00,synthetic_degradation_failure,360,9000
MACHINE_011,2026-03-25T00:00:00+00:00,compressor,18010.95,3.5548,175.157,1,1,209.2144,,,2026-04-06T10:00:00+00:00,synthetic_degradation_failure,360,9000
MACHINE_011,2026-03-26T00:00:00+00:00,compressor,18425.27,3.3987,167.4819,1,1,223.8487,,,2026-04-06T10:00:00+00:00,synthetic_degradation_failure,360,9000
MACHINE_011,2026-03-27T00:00:00+00:00,compressor,18548.83,3.522,171.3817,0,1,221.2107,,,2026-04-06T10:00:00+00:00,synthetic_degradation_failure,360,9000
MACHINE_011,2026-03-28T00:00:00+00:00,compressor,18217.1,3.5241,170.0114,1,1,225.04,,,2026-04-06T10:00:00+00:00,synthetic_degradation_failure,360,9000
MACHINE_011,2026-03-29T00:00:00+00:00,compressor,18748.25,3.3531,176.2404,1,1,227.8421,,,2026-04-06T10:00:00+00:00,synthetic_degradation_failure,360,9000
MACHINE_011,2026-03-30T00:00:00+00:00,compressor,18659.04,3.5708,174.8736,1,1,243.3717,,,2026-04-06T10:00:00+00:00,synthetic_degradation_failure,360,9000
MACHINE_011,2026-03-31T00:00:00+00:00,compressor,18141.51,3.4754,169.8549,1,1,210.7913,,,2026-04-06T10:00:00+00:00,synthetic_degradation_failure,360,9000
MACHINE_012,2026-01-01T00:00:00+00:00,motor,17250.0,1.3438,131.0516,0,0,68.3165,,,2026-03-26T03:00:00+00:00,synthetic_degradation_failure,360,9000
MACHINE_012,2026-01-02T00:00:00+00:00,motor,17270.75,1.5163,133.9161,0,0,79.8152,,,2026-03-26T03:00:00+00:00,synthetic_degradation_failure,360,9000
MACHINE_012,2026-01-03T00:00:00+00:00,motor,17293.81,1.3591,132.5773,0,0,84.0487,,,2026-03-26T03:00:00+00:00,synthetic_degradation_failure,360,9000
MACHINE_012,2026-01-04T00:00:00+00:00,motor,17317.95,1.4519,124.7759,0,0,65.2212,,,2026-03-26T03:00:00+00:00,synthetic_degradation_failure,360,9000
MACHINE_012,2026-01-05T00:00:00+00:00,motor,17347.09,1.5157,134.6831,0,0,69.2105,,,2026-03-26T03:00:00+00:00,synthetic_degradation_failure,360,9000
MACHINE_012,2026-01-06T00:00:00+00:00,motor,17370.35,1.4528,129.6168,0,0,80.5469,,,2026-03-26T03:00:00+00:00,synthetic_degradation_failure,360,9000
MACHINE_012,2026-01-07T00:00:00+00:00,motor,17391.09,1.3925,138.3989,0,0,74.1318,,,2026-03-26T03:00:00+00:00,synthetic_degradation_failure,360,9000
MACHINE_012,2026-01-08T00:00:00+00:00,motor,17392.5,1.5374,137.0782,0,0,72.9158,,,2026-03-26T03:00:00+00:00,synthetic_degradation_failure,360,9000
MACHINE_012,2026-01-09T00:00:00+00:00,motor,17404.54,1.5612,128.3743,0,0,67.0966,,,2026-03-26T03:00:00+00:00,synthetic_degradation_failure,360,9000
MACHINE_012,2026-01-10T00:00:00+00:00,motor,17456.07,1.5967,136.7119,0,0,91.2013,,,2026-03-26T03:00:00+00:00,synthetic_degradation_failure,360,9000
MACHINE_012,2026-01-11T00:00:00+00:00,motor,17478.12,1.5803,133.7427,0,0,88.6607,,,2026-03-26T03:00:00+00:00,synthetic_degradation_failure,360,9000
MACHINE_012,2026-01-12T00:00:00+00:00,motor,17475.0,1.5781,139.5098,0,0,76.8903,,,2026-03-26T03:00:00+00:00,synthetic_degradation_failure,360,9000
MACHINE_012,2026-01-13T00:00:00+00:00,motor,17508.19,1.6016,133.9893,0,0,89.6086,,,2026-03-26T03:00:00+00:00,synthetic_degradation_failure,360,9000
MACHINE_012,2026-01-14T00:00:00+00:00,motor,17502.22,1.5134,138.8636,0,0,91.727,,,2026-03-26T03:00:00+00:00,synthetic_degradation_failure,360,9000
MACHINE_012,2026-01-15T00:00:00+00:00,motor,17506.47,1.5639,131.9076,0,0,93.6667,,,2026-03-26T03:00:00+00:00,synthetic_degradation_failure,360,9000
MACHINE_012,2026-01-16T00:00:00+00:00,motor,17558.28,1.6108,135.9009,0,0,100.4296,,,2026-03-26T03:00:00+00:00,synthetic_degradation_failure,360,9000
MACHINE_012,2026-01-17T00:00:00+00:00,motor,17599.87,1.793,136.729,0,0,88.7769,,,2026-03-26T03:00:00+00:00,synthetic_degradation_failure,360,9000
MACHINE_012,2026-01-18T00:00:00+00:00,motor,17620.46,1.7159,138.04,0,0,75.6213,,,2026-03-26T03:00:00+00:00,synthetic_degradation_failure,360,9000
MACHINE_012,2026-01-19T00:00:00+00:00,motor,17658.89,1.8112,144.1175,0,0,106.0677,,,2026-03-26T03:00:00+00:00,synthetic_degradation_failure,360,9000
MACHINE_012,2026-01-20T00:00:00+00:00,motor,17611.1,1.8226,136.4136,0,0,86.1318,,,2026-03-26T03:00:00+00:00,synthetic_degradation_failure,360,9000
MACHINE_012,2026-01-21T00:00:00+00:00,motor,17729.41,1.7196,141.3914,0,0,77.5467,,,2026-03-26T03:00:00+00:00,synthetic_degradation_failure,360,9000
MACHINE_012,2026-01-22T00:00:00+00:00,motor,17635.87,1.8778,136.0788,0,0,110.4572,,,2026-03-26T03:00:00+00:00,synthetic_degradation_failure,360,9000
MACHINE_012,2026-01-23T00:00:00+00:00,motor,17734.74,1.8374,145.0455,0,0,102.0183,,,2026-03-26T03:00:00+00:00,synthetic_degradation_failure,360,9000
MACHINE_012,2026-01-24T00:00:00+00:00,motor,17788.0,1.8237,139.4945,0,0,103.4951,,,2026-03-26T03:00:00+00:00,synthetic_degradation_failure,360,9000
MACHINE_012,2026-01-25T00:00:00+00:00,motor,17853.82,1.9297,137.5371,0,0,101.6426,,,2026-03-26T03:00:00+00:00,synthetic_degradation_failure,360,9000
MACHINE_012,2026-01-26T00:00:00+00:00,motor,17834.99,1.716,145.3952,0,0,118.2395,,,2026-03-26T03:00:00+00:00,synthetic_degradation_failure,360,9000
MACHINE_012,2026-01-27T00:00:00+00:00,motor,17874.69,1.9016,149.8756,0,0,119.8728,,,2026-03-26T03:00:00+00:00,synthetic_degradation_failure,360,9000
MACHINE_012,2026-01-28T00:00:00+00:00,motor,17835.18,1.9588,142.8892,0,0,102.0734,,,2026-03-26T03:00:00+00:00,synthetic_degradation_failure,360,9000
MACHINE_012,2026-01-29T00:00:00+00:00,motor,17770.34,1.8944,143.397,0,0,117.476,,,2026-03-26T03:00:00+00:00,synthetic_degradation_failure,360,9000
MACHINE_012,2026-01-30T00:00:00+00:00,motor,17983.35,1.8875,140.4513,0,0,132.1214,,,2026-03-26T03:00:00+00:00,synthetic_degradation_failure,360,9000
MACHINE_012,2026-01-31T00:00:00+00:00,motor,17860.28,2.0239,138.4152,0,0,118.3546,2026-01-30T20:00:00+00:00,planned_inspection,2026-03-26T03:00:00+00:00,synthetic_degradation_failure,360,9000
MACHINE_012,2026-02-01T00:00:00+00:00,motor,17833.53,2.0916,153.4122,0,0,104.4857,,,2026-03-26T03:00:00+00:00,synthetic_degradation_failure,360,9000
MACHINE_012,2026-02-02T00:00:00+00:00,motor,17875.4,2.154,148.7232,0,0,116.5166,,,2026-03-26T03:00:00+00:00,synthetic_degradation_failure,360,9000
MACHINE_012,2026-02-03T00:00:00+00:00,motor,17950.93,2.1167,143.423,0,0,123.6833,,,2026-03-26T03:00:00+00:00,synthetic_degradation_failure,360,9000
MACHINE_012,2026-02-04T00:00:00+00:00,motor,17981.03,2.0467,145.3738,0,0,135.5048,,,2026-03-26T03:00:00+00:00,synthetic_degradation_failure,360,9000
MACHINE_012,2026-02-05T00:00:00+00:00,motor,17953.16,2.1498,144.921,0,0,127.0242,,,2026-03-26T03:00:00+00:00,synthetic_degradation_failure,360,9000
MACHINE_012,2026-02-06T00:00:00+00:00,motor,17927.65,1.9917,144.797,0,0,116.8242,,,2026-03-26T03:00:00+00:00,synthetic_degradation_failure,360,9000
MACHINE_012,2026-02-07T00:00:00+00:00,motor,18153.99,2.1639,151.9909,0,0,124.1871,,,2026-03-26T03:00:00+00:00,synthetic_degradation_failure,360,9000
MACHINE_012,2026-02-08T00:00:00+00:00,motor,18063.7,2.1465,146.9393,0,0,119.4224,,,2026-03-26T03:00:00+00:00,synthetic_degradation_failure,360,9000
MACHINE_012,2026-02-09T00:00:00+00:00,motor,18228.33,2.1986,149.1214,0,0,130.9508,,,2026-03-26T03:00:00+00:00,synthetic_degradation_failure,360,9000
MACHINE_012,2026-02-10T00:00:00+00:00,motor,18263.43,1.956,145.7261,0,0,110.8885,,,2026-03-26T03:00:00+00:00,synthetic_degradation_failure,360,9000
MACHINE_012,2026-02-11T00:00:00+00:00,motor,18269.98,2.3324,145.0113,0,0,116.1108,,,2026-03-26T03:00:00+00:00,synthetic_degradation_failure,360,9000
MACHINE_012,2026-02-12T00:00:00+00:00,motor,18065.74,2.2189,148.6292,0,0,137.2102,,,2026-03-26T03:00:00+00:00,synthetic_degradation_failure,360,9000
MACHINE_012,2026-02-13T00:00:00+00:00,motor,18154.16,2.1938,150.8113,0,0,110.8674,,,2026-03-26T03:00:00+00:00,synthetic_degradation_failure,360,9000
MACHINE_012,2026-02-14T00:00:00+00:00,motor,18150.11,2.1471,155.6856,0,0,124.4326,,,2026-03-26T03:00:00+00:00,synthetic_degradation_failure,360,9000
MACHINE_012,2026-02-15T00:00:00+00:00,motor,18300.54,2.1344,145.2115,0,0,157.2466,,,2026-03-26T03:00:00+00:00,synthetic_degradation_failure,360,9000
MACHINE_012,2026-02-16T00:00:00+00:00,motor,18174.52,2.2982,148.2704,0,0,156.9709,,,2026-03-26T03:00:00+00:00,synthetic_degradation_failure,360,9000
MACHINE_012,2026-02-17T00:00:00+00:00,motor,18222.13,2.4948,155.9612,0,0,131.1581,,,2026-03-26T03:00:00+00:00,synthetic_degradation_failure,360,9000
MACHINE_012,2026-02-18T00:00:00+00:00,motor,18222.2,2.3391,150.5347,1,0,128.4898,,,2026-03-26T03:00:00+00:00,synthetic_degradation_failure,360,9000
MACHINE_012,2026-02-19T00:00:00+00:00,motor,18287.26,2.4149,151.1586,0,0,130.2585,,,2026-03-26T03:00:00+00:00,synthetic_degradation_failure,360,9000
MACHINE_012,2026-02-20T00:00:00+00:00,motor,18184.59,2.4264,152.8642,0,0,156.2771,,,2026-03-26T03:00:00+00:00,synthetic_degradation_failure,360,9000
MACHINE_012,2026-02-21T00:00:00+00:00,motor,18227.73,2.4112,147.2556,0,0,141.3991,,,2026-03-26T03:00:00+00:00,synthetic_degradation_failure,360,9000
MACHINE_012,2026-02-22T00:00:00+00:00,motor,18504.59,2.3873,148.5886,0,0,128.5281,,,2026-03-26T03:00:00+00:00,synthetic_degradation_failure,360,9000
MACHINE_012,2026-02-23T00:00:00+00:00,motor,18532.86,2.328,148.7183,0,0,133.1251,,,2026-03-26T03:00:00+00:00,synthetic_degradation_failure,360,9000
MACHINE_012,2026-02-24T00:00:00+00:00,motor,18368.74,2.5248,150.9116,0,0,153.3031,,,2026-03-26T03:00:00+00:00,synthetic_degradation_failure,360,9000
MACHINE_012,2026-02-25T00:00:00+00:00,motor,18270.54,2.4229,158.2842,1,0,155.3887,,,2026-03-26T03:00:00+00:00,synthetic_degradation_failure,360,9000
MACHINE_012,2026-02-26T00:00:00+00:00,motor,18667.12,2.3474,159.3024,0,0,160.9255,,,2026-03-26T03:00:00+00:00,synthetic_degradation_failure,360,9000
MACHINE_012,2026-02-27T00:00:00+00:00,motor,18699.31,2.5294,153.1747,1,0,149.1446,,,2026-03-26T03:00:00+00:00,synthetic_degradation_failure,360,9000
MACHINE_012,2026-02-28T00:00:00+00:00,motor,18593.1,2.4186,152.4986,1,0,147.4457,,,2026-03-26T03:00:00+00:00,synthetic_degradation_failure,360,9000
MACHINE_012,2026-03-01T00:00:00+00:00,motor,18761.26,2.4949,156.3971,0,0,153.2949,,,2026-03-26T03:00:00+00:00,synthetic_degradation_failure,360,9000
MACHINE_012,2026-03-02T00:00:00+00:00,motor,18399.76,2.5296,158.5971,1,0,167.145,2026-03-01T20:00:00+00:00,planned_inspection,2026-03-26T03:00:00+00:00,synthetic_degradation_failure,360,9000
MACHINE_012,2026-03-03T00:00:00+00:00,motor,18472.75,2.8648,160.0497,1,0,149.2806,,,2026-03-26T03:00:00+00:00,synthetic_degradation_failure,360,9000
MACHINE_012,2026-03-04T00:00:00+00:00,motor,18711.57,2.7396,163.0586,1,0,167.3362,,,2026-03-26T03:00:00+00:00,synthetic_degradation_failure,360,9000
MACHINE_012,2026-03-05T00:00:00+00:00,motor,18427.34,2.6845,151.6437,0,0,163.3203,,,2026-03-26T03:00:00+00:00,synthetic_degradation_failure,360,9000
MACHINE_012,2026-03-06T00:00:00+00:00,motor,18600.49,2.7378,158.9868,1,0,152.5267,,,2026-03-26T03:00:00+00:00,synthetic_degradation_failure,360,9000
MACHINE_012,2026-03-07T00:00:00+00:00,motor,18582.33,2.565,149.3736,1,0,156.2864,,,2026-03-26T03:00:00+00:00,synthetic_degradation_failure,360,9000
MACHINE_012,2026-03-08T00:00:00+00:00,motor,18544.24,2.7942,155.2987,1,0,158.6505,,,2026-03-26T03:00:00+00:00,synthetic_degradation_failure,360,9000
MACHINE_012,2026-03-09T00:00:00+00:00,motor,18646.1,2.7354,156.2814,0,0,186.46,,,2026-03-26T03:00:00+00:00,synthetic_degradation_failure,360,9000
MACHINE_012,2026-03-10T00:00:00+00:00,motor,18895.44,2.7762,154.5745,1,0,171.1353,,,2026-03-26T03:00:00+00:00,synthetic_degradation_failure,360,9000
MACHINE_012,2026-03-11T00:00:00+00:00,motor,18509.27,2.6899,155.8803,1,0,187.3034,,,2026-03-26T03:00:00+00:00,synthetic_degradation_failure,360,9000
MACHINE_012,2026-03-12T00:00:00+00:00,motor,18784.08,2.7137,160.6873,1,0,172.0641,,,2026-03-26T03:00:00+00:00,synthetic_degradation_failure,360,9000
MACHINE_012,2026-03-13T00:00:00+00:00,motor,19067.97,2.7463,159.5521,1,0,176.4576,,,2026-03-26T03:00:00+00:00,synthetic_degradation_failure,360,9000
MACHINE_012,2026-03-14T00:00:00+00:00,motor,18801.12,2.7608,164.0625,1,0,189.0502,,,2026-03-26T03:00:00+00:00,synthetic_degradation_failure,360,9000
MACHINE_012,2026-03-15T00:00:00+00:00,motor,19048.71,2.8563,159.2534,1,0,182.5039,,,2026-03-26T03:00:00+00:00,synthetic_degradation_failure,360,9000
MACHINE_012,2026-03-16T00:00:00+00:00,motor,19062.63,2.7828,162.8548,1,0,176.5534,,,2026-03-26T03:00:00+00:00,synthetic_degradation_failure,360,9000
MACHINE_012,2026-03-17T00:00:00+00:00,motor,19095.99,2.9463,166.5955,0,1,180.7961,,,2026-03-26T03:00:00+00:00,synthetic_degradation_failure,360,9000
MACHINE_012,2026-03-18T00:00:00+00:00,motor,18967.27,2.7834,159.0453,1,0,179.9235,,,2026-03-26T03:00:00+00:00,synthetic_degradation_failure,360,9000
MACHINE_012,2026-03-19T00:00:00+00:00,motor,18745.8,3.0873,158.7966,1,0,186.739,,,2026-03-26T03:00:00+00:00,synthetic_degradation_failure,360,9000
MACHINE_012,2026-03-20T00:00:00+00:00,motor,18723.07,2.9775,163.6576,1,0,193.6201,,,2026-03-26T03:00:00+00:00,synthetic_degradation_failure,360,9000
MACHINE_012,2026-03-21T00:00:00+00:00,motor,19175.17,3.0292,166.401,1,1,195.3541,,,2026-03-26T03:00:00+00:00,synthetic_degradation_failure,360,9000
MACHINE_012,2026-03-22T00:00:00+00:00,motor,18730.28,3.0016,163.7054,0,0,184.6803,,,2026-03-26T03:00:00+00:00,synthetic_degradation_failure,360,9000
MACHINE_012,2026-03-23T00:00:00+00:00,motor,18843.82,2.9106,169.3454,1,1,186.6305,,,2026-03-26T03:00:00+00:00,synthetic_degradation_failure,360,9000
MACHINE_012,2026-03-24T00:00:00+00:00,motor,18955.84,3.0492,167.964,1,1,188.3249,,,2026-03-26T03:00:00+00:00,synthetic_degradation_failure,360,9000
MACHINE_012,2026-03-25T00:00:00+00:00,motor,18839.07,2.8907,164.1568,1,0,188.4794,,,2026-03-26T03:00:00+00:00,synthetic_degradation_failure,360,9000
MACHINE_012,2026-03-26T00:00:00+00:00,motor,18921.36,3.0765,172.4705,1,1,194.1792,,,2026-03-26T03:00:00+00:00,synthetic_degradation_failure,360,9000
MACHINE_012,2026-03-27T00:00:00+00:00,motor,18988.26,3.0415,172.4236,1,1,210.5255,,,2026-03-26T03:00:00+00:00,synthetic_degradation_failure,360,9000
MACHINE_012,2026-03-28T00:00:00+00:00,motor,18875.55,3.1301,165.2912,1,1,194.9089,,,2026-03-26T03:00:00+00:00,synthetic_degradation_failure,360,9000
MACHINE_012,2026-03-29T00:00:00+00:00,motor,19227.68,3.1245,164.6762,1,0,205.5202,,,2026-03-26T03:00:00+00:00,synthetic_degradation_failure,360,9000
MACHINE_012,2026-03-30T00:00:00+00:00,motor,18911.55,3.0922,163.6572,1,0,212.3152,,,2026-03-26T03:00:00+00:00,synthetic_degradation_failure,360,9000
MACHINE_012,2026-03-31T00:00:00+00:00,motor,19257.98,3.0654,165.6641,1,1,195.8092,,,2026-03-26T03:00:00+00:00,synthetic_degradation_failure,360,9000
